"Handle","Title","Body (HTML)","Vendor","Product Category","Type","Tags","Published","Option1 Name","Option1 Value","Option2 Name","Option2 Value","Option3 Name","Option3 Value","Image Src","Image Position","Image Alt Text","Gift Card","SEO Title","SEO Description","Status"
"5528694","Lyon 2 Door Natural Rattan And Oak Cabinet","The Lyon two door wardrobe has a solid oak wood frame with woven rattan doors which are sure to elevate sophistication and timeless charm of your abode. This wardrobet has an elegant arched structure made from oak wood, with doors boasting intertwined rattan fronts. The minimalistic design will create a focal point and the natural elements enhance warmth and texture. This wardrobe has a shelf, hanging rail and 2 drawers.","",,"","Abstract","TRUE",,,,,,,"https://cdn.premierhousewares.com/media/catalog/product/5/5/5528694.jpg?optimize=high&fit=bounds&height=700&width=700&canvas=700:700",,,,,,"active"
"5528694",,,,,,,,,,,,,,"https://cdn.premierhousewares.com/media/catalog/product/5/5/5528694_liv_07.jpg?optimize=high&fit=bounds&height=700&width=700&canvas=700:700",2,,,,,
"5528694",,,,,,,,,,,,,,"https://cdn.premierhousewares.com/media/catalog/product/5/5/5528694_liv_01.jpg?optimize=high&fit=bounds&height=700&width=700&canvas=700:700",3,,,,,
"5528694",,,,,,,,,,,,,,"https://cdn.premierhousewares.com/media/catalog/product/5/5/5528694.jpg?optimize=high&fit=bounds&height=90&width=90&canvas=90:90",4,,,,,
"5528694",,,,,,,,,,,,,,"https://cdn.premierhousewares.com/media/catalog/product/5/5/5528694_liv_01.jpg?optimize=high&fit=bounds&height=90&width=90&canvas=90:90",5,,,,,
"5528694",,,,,,,,,,,,,,"https://cdn.premierhousewares.com/media/catalog/product/5/5/5528694_liv_02.jpg?optimize=high&fit=bounds&height=90&width=90&canvas=90:90",6,,,,,
"5528694",,,,,,,,,,,,,,"https://cdn.premierhousewares.com/media/catalog/product/5/5/5528694_liv_03.jpg?optimize=high&fit=bounds&height=90&width=90&canvas=90:90",7,,,,,
"5528694",,,,,,,,,,,,,,"https://cdn.premierhousewares.com/media/catalog/product/5/5/5528694_liv_04.jpg?optimize=high&fit=bounds&height=90&width=90&canvas=90:90",8,,,,,
"5528694",,,,,,,,,,,,,,"https://cdn.premierhousewares.com/media/catalog/product/5/5/5528694_liv_05.jpg?optimize=high&fit=bounds&height=90&width=90&canvas=90:90",9,,,,,
"5528694",,,,,,,,,,,,,,"https://cdn.premierhousewares.com/media/catalog/product/5/5/5528694_liv_06.jpg?optimize=high&fit=bounds&height=90&width=90&canvas=90:90",10,,,,,
"5528694",,,,,,,,,,,,,,"https://cdn.premierhousewares.com/media/catalog/product/5/5/5528694_liv_07.jpg?optimize=high&fit=bounds&height=90&width=90&canvas=90:90",11,,,,,
"5528694",,,,,,,,,,,,,,"https://cdn.premierhousewares.com/media/catalog/product/5/5/5528694.jpg?optimize=high&fit=bounds&height=&width=&canvas=:",12,,,,,
"5527832","Gabelle Console Table","Crafted from bamboo wood this console table has clean lines featuring a sunburst design on its frontside. This dark brown, clean-lined console table is made of ebony bamboo for long-lasting use. The rectangular-shaped console table has a contemporary design featuring sunburst pattern in natural wood hues. The warm metallic base gives a touch of glam styling.","",,"","Abstract","TRUE",,,,,,,"https://cdn.premierhousewares.com/media/catalog/product/5/5/5527832.jpg?optimize=high&fit=bounds&height=700&width=700&canvas=700:700",,,,,,"active"
"5527832",,,,,,,,,,,,,,"https://cdn.premierhousewares.com/media/catalog/product/5/5/5527832_liv_01.jpg?optimize=high&fit=bounds&height=700&width=700&canvas=700:700",2,,,,,
"5527832",,,,,,,,,,,,,,"https://cdn.premierhousewares.com/media/catalog/product/5/5/5527832_01.jpg?optimize=high&fit=bounds&height=700&width=700&canvas=700:700",3,,,,,
"5527832",,,,,,,,,,,,,,"https://cdn.premierhousewares.com/media/catalog/product/5/5/5527832.jpg?optimize=high&fit=bounds&height=90&width=90&canvas=90:90",4,,,,,
"5527832",,,,,,,,,,,,,,"https://cdn.premierhousewares.com/media/catalog/product/5/5/5527832_01.jpg?optimize=high&fit=bounds&height=90&width=90&canvas=90:90",5,,,,,
"5527832",,,,,,,,,,,,,,"https://cdn.premierhousewares.com/media/catalog/product/5/5/5527832_02.jpg?optimize=high&fit=bounds&height=90&width=90&canvas=90:90",6,,,,,
"5527832",,,,,,,,,,,,,,"https://cdn.premierhousewares.com/media/catalog/product/5/5/5527832_mac_01.jpg?optimize=high&fit=bounds&height=90&width=90&canvas=90:90",7,,,,,
"5527832",,,,,,,,,,,,,,"https://cdn.premierhousewares.com/media/catalog/product/5/5/5527832_mac_02.jpg?optimize=high&fit=bounds&height=90&width=90&canvas=90:90",8,,,,,
"5527832",,,,,,,,,,,,,,"https://cdn.premierhousewares.com/media/catalog/product/5/5/5527832_mac_03.jpg?optimize=high&fit=bounds&height=90&width=90&canvas=90:90",9,,,,,
"5527832",,,,,,,,,,,,,,"https://cdn.premierhousewares.com/media/catalog/product/5/5/5527832_mac_04.jpg?optimize=high&fit=bounds&height=90&width=90&canvas=90:90",10,,,,,
"5527832",,,,,,,,,,,,,,"https://cdn.premierhousewares.com/media/catalog/product/5/5/5527832_liv_01.jpg?optimize=high&fit=bounds&height=90&width=90&canvas=90:90",11,,,,,
"5527832",,,,,,,,,,,,,,"https://cdn.premierhousewares.com/media/catalog/product/5/5/5527832.jpg?optimize=high&fit=bounds&height=&width=&canvas=:",12,,,,,
"5528073","Jakara Natural Wooden Cabinet","Featuring a combo of rustic and modern style, this cabinet offers storage of multiple small items. This Jakara wooden cabinet in natural finish features carved wood effect of abstract geometric patterns. The sleek minimalist black metal base and legs complements with modern decors.","",,"","Abstract","TRUE",,,,,,,"https://cdn.premierhousewares.com/media/catalog/product/5/5/5528073_-_web_size.jpg?optimize=high&fit=bounds&height=700&width=700&canvas=700:700",,,,,,"active"
"5528073",,,,,,,,,,,,,,"https://cdn.premierhousewares.com/media/catalog/product/5/5/5528073_liv_11.jpg?optimize=high&fit=bounds&height=700&width=700&canvas=700:700",2,,,,,
"5528073",,,,,,,,,,,,,,"https://cdn.premierhousewares.com/media/catalog/product/5/5/5528073_01_-_web_size.jpg?optimize=high&fit=bounds&height=700&width=700&canvas=700:700",3,,,,,
"5528073",,,,,,,,,,,,,,"https://cdn.premierhousewares.com/media/catalog/product/5/5/5528073_-_web_size.jpg?optimize=high&fit=bounds&height=90&width=90&canvas=90:90",4,,,,,
"5528073",,,,,,,,,,,,,,"https://cdn.premierhousewares.com/media/catalog/product/5/5/5528073_01_-_web_size.jpg?optimize=high&fit=bounds&height=90&width=90&canvas=90:90",5,,,,,
"5528073",,,,,,,,,,,,,,"https://cdn.premierhousewares.com/media/catalog/product/5/5/5528073_02_-_web_size.jpg?optimize=high&fit=bounds&height=90&width=90&canvas=90:90",6,,,,,
"5528073",,,,,,,,,,,,,,"https://cdn.premierhousewares.com/media/catalog/product/5/5/5528073_03_-_web_size.jpg?optimize=high&fit=bounds&height=90&width=90&canvas=90:90",7,,,,,
"5528073",,,,,,,,,,,,,,"https://cdn.premierhousewares.com/media/catalog/product/5/5/5528073_04_-_web_size.jpg?optimize=high&fit=bounds&height=90&width=90&canvas=90:90",8,,,,,
"5528073",,,,,,,,,,,,,,"https://cdn.premierhousewares.com/media/catalog/product/5/5/5528073_liv_01_-_web_size.jpg?optimize=high&fit=bounds&height=90&width=90&canvas=90:90",9,,,,,
"5528073",,,,,,,,,,,,,,"https://cdn.premierhousewares.com/media/catalog/product/5/5/5528073_liv_03_-_web_size.jpg?optimize=high&fit=bounds&height=90&width=90&canvas=90:90",10,,,,,
"5528073",,,,,,,,,,,,,,"https://cdn.premierhousewares.com/media/catalog/product/5/5/5528073_liv_04_-_web_size.jpg?optimize=high&fit=bounds&height=90&width=90&canvas=90:90",11,,,,,
"5528073",,,,,,,,,,,,,,"https://cdn.premierhousewares.com/media/catalog/product/5/5/5528073_liv_06_-_web_size.jpg?optimize=high&fit=bounds&height=90&width=90&canvas=90:90",12,,,,,
"5528073",,,,,,,,,,,,,,"https://cdn.premierhousewares.com/media/catalog/product/5/5/5528073_liv_07_-_web_size.jpg?optimize=high&fit=bounds&height=90&width=90&canvas=90:90",13,,,,,
"5528073",,,,,,,,,,,,,,"https://cdn.premierhousewares.com/media/catalog/product/5/5/5528073_liv_14_-_web_size.jpg?optimize=high&fit=bounds&height=90&width=90&canvas=90:90",14,,,,,
"5528073",,,,,,,,,,,,,,"https://cdn.premierhousewares.com/media/catalog/product/5/5/5528073_mac_01_-_web_size.jpg?optimize=high&fit=bounds&height=90&width=90&canvas=90:90",15,,,,,
"5528073",,,,,,,,,,,,,,"https://cdn.premierhousewares.com/media/catalog/product/5/5/5528073_mac_02_-_web_size.jpg?optimize=high&fit=bounds&height=90&width=90&canvas=90:90",16,,,,,
"5528073",,,,,,,,,,,,,,"https://cdn.premierhousewares.com/media/catalog/product/5/5/5528073_mac_03_-_web_size.jpg?optimize=high&fit=bounds&height=90&width=90&canvas=90:90",17,,,,,
"5528073",,,,,,,,,,,,,,"https://cdn.premierhousewares.com/media/catalog/product/5/5/5528073_mac_04_-_web_size.jpg?optimize=high&fit=bounds&height=90&width=90&canvas=90:90",18,,,,,
"5528073",,,,,,,,,,,,,,"https://cdn.premierhousewares.com/media/catalog/product/5/5/5528073_liv_05.jpg?optimize=high&fit=bounds&height=90&width=90&canvas=90:90",19,,,,,
"5528073",,,,,,,,,,,,,,"https://cdn.premierhousewares.com/media/catalog/product/5/5/5528073_liv_08.jpg?optimize=high&fit=bounds&height=90&width=90&canvas=90:90",20,,,,,
"5528073",,,,,,,,,,,,,,"https://cdn.premierhousewares.com/media/catalog/product/5/5/5528073_liv_10.jpg?optimize=high&fit=bounds&height=90&width=90&canvas=90:90",21,,,,,
"5528073",,,,,,,,,,,,,,"https://cdn.premierhousewares.com/media/catalog/product/5/5/5528073_liv_11.jpg?optimize=high&fit=bounds&height=90&width=90&canvas=90:90",22,,,,,
"5528073",,,,,,,,,,,,,,"https://cdn.premierhousewares.com/media/catalog/product/5/5/5528073_-_web_size.jpg?optimize=high&fit=bounds&height=&width=&canvas=:",23,,,,,
"5527833","Templar Gold Finish Beaded Coffee Table","This striking coffee table in luxe accent will be a stylish and functional addition for a contemporary living room. A series of warm metallic finish beads fuse together to form the rounded design of this coffee table. This coffee table with a flat edge is sure to make a decorative statement with the elegant, symmetrical design.","",,"","Abstract","TRUE",,,,,,,"https://cdn.premierhousewares.com/media/catalog/product/5/5/5527833.jpg?optimize=high&fit=bounds&height=700&width=700&canvas=700:700",,,,,,"active"
"5527833",,,,,,,,,,,,,,"https://cdn.premierhousewares.com/media/catalog/product/5/5/5527833_mac_04.jpg?optimize=high&fit=bounds&height=700&width=700&canvas=700:700",2,,,,,
"5527833",,,,,,,,,,,,,,"https://cdn.premierhousewares.com/media/catalog/product/5/5/5527833_01.jpg?optimize=high&fit=bounds&height=700&width=700&canvas=700:700",3,,,,,
"5527833",,,,,,,,,,,,,,"https://cdn.premierhousewares.com/media/catalog/product/5/5/5527833.jpg?optimize=high&fit=bounds&height=90&width=90&canvas=90:90",4,,,,,
"5527833",,,,,,,,,,,,,,"https://cdn.premierhousewares.com/media/catalog/product/5/5/5527833_01.jpg?optimize=high&fit=bounds&height=90&width=90&canvas=90:90",5,,,,,
"5527833",,,,,,,,,,,,,,"https://cdn.premierhousewares.com/media/catalog/product/5/5/5527833_mac_01.jpg?optimize=high&fit=bounds&height=90&width=90&canvas=90:90",6,,,,,
"5527833",,,,,,,,,,,,,,"https://cdn.premierhousewares.com/media/catalog/product/5/5/5527833_mac_02.jpg?optimize=high&fit=bounds&height=90&width=90&canvas=90:90",7,,,,,
"5527833",,,,,,,,,,,,,,"https://cdn.premierhousewares.com/media/catalog/product/5/5/5527833_mac_03.jpg?optimize=high&fit=bounds&height=90&width=90&canvas=90:90",8,,,,,
"5527833",,,,,,,,,,,,,,"https://cdn.premierhousewares.com/media/catalog/product/5/5/5527833_mac_04.jpg?optimize=high&fit=bounds&height=90&width=90&canvas=90:90",9,,,,,
"5527833",,,,,,,,,,,,,,"https://cdn.premierhousewares.com/media/catalog/product/5/5/5527833.jpg?optimize=high&fit=bounds&height=&width=&canvas=:",10,,,,,
"2406261","Flori 1 Drawer Draw Side Table with Hairpin Legs","This side table flaunts a traditional accent with its minimal design and shape to the living area. Equipped with convenient storage space and featuring a wood veneering effect, this small side table is well-suited for mid-century modern themes. The slanted hairpin metal legs in the warm metallic finish create an instant focal point in the room.","",,"","Abstract","TRUE",,,,,,,"https://cdn.premierhousewares.com/media/catalog/product/2/4/2406261.jpg?optimize=high&fit=bounds&height=700&width=700&canvas=700:700",,,,,,"active"
"2406261",,,,,,,,,,,,,,"https://cdn.premierhousewares.com/media/catalog/product/2/4/2406261_liv_03.jpg?optimize=high&fit=bounds&height=700&width=700&canvas=700:700",2,,,,,
"2406261",,,,,,,,,,,,,,"https://cdn.premierhousewares.com/media/catalog/product/2/4/2406261_01.jpg?optimize=high&fit=bounds&height=700&width=700&canvas=700:700",3,,,,,
"2406261",,,,,,,,,,,,,,"https://cdn.premierhousewares.com/media/catalog/product/2/4/2406261.jpg?optimize=high&fit=bounds&height=90&width=90&canvas=90:90",4,,,,,
"2406261",,,,,,,,,,,,,,"https://cdn.premierhousewares.com/media/catalog/product/2/4/2406261_01.jpg?optimize=high&fit=bounds&height=90&width=90&canvas=90:90",5,,,,,
"2406261",,,,,,,,,,,,,,"https://cdn.premierhousewares.com/media/catalog/product/2/4/2406261_02.jpg?optimize=high&fit=bounds&height=90&width=90&canvas=90:90",6,,,,,
"2406261",,,,,,,,,,,,,,"https://cdn.premierhousewares.com/media/catalog/product/2/4/2406261_ils_01.jpg?optimize=high&fit=bounds&height=90&width=90&canvas=90:90",7,,,,,
"2406261",,,,,,,,,,,,,,"https://cdn.premierhousewares.com/media/catalog/product/2/4/2406261_03.jpg?optimize=high&fit=bounds&height=90&width=90&canvas=90:90",8,,,,,
"2406261",,,,,,,,,,,,,,"https://cdn.premierhousewares.com/media/catalog/product/2/4/2406261_ils_02.jpg?optimize=high&fit=bounds&height=90&width=90&canvas=90:90",9,,,,,
"2406261",,,,,,,,,,,,,,"https://cdn.premierhousewares.com/media/catalog/product/2/4/2406261_04.jpg?optimize=high&fit=bounds&height=90&width=90&canvas=90:90",10,,,,,
"2406261",,,,,,,,,,,,,,"https://cdn.premierhousewares.com/media/catalog/product/2/4/2406261_mac_01.jpg?optimize=high&fit=bounds&height=90&width=90&canvas=90:90",11,,,,,
"2406261",,,,,,,,,,,,,,"https://cdn.premierhousewares.com/media/catalog/product/2/4/2406261_mac_02.jpg?optimize=high&fit=bounds&height=90&width=90&canvas=90:90",12,,,,,
"2406261",,,,,,,,,,,,,,"https://cdn.premierhousewares.com/media/catalog/product/2/4/2406261_mac_03.jpg?optimize=high&fit=bounds&height=90&width=90&canvas=90:90",13,,,,,
"2406261",,,,,,,,,,,,,,"https://cdn.premierhousewares.com/media/catalog/product/2/4/2406261_mac_04.jpg?optimize=high&fit=bounds&height=90&width=90&canvas=90:90",14,,,,,
"2406261",,,,,,,,,,,,,,"https://cdn.premierhousewares.com/media/catalog/product/2/4/2406261_liv_01.jpg?optimize=high&fit=bounds&height=90&width=90&canvas=90:90",15,,,,,
"2406261",,,,,,,,,,,,,,"https://cdn.premierhousewares.com/media/catalog/product/2/4/2406261_liv_02.jpg?optimize=high&fit=bounds&height=90&width=90&canvas=90:90",16,,,,,
"2406261",,,,,,,,,,,,,,"https://cdn.premierhousewares.com/media/catalog/product/2/4/2406261_liv_03.jpg?optimize=high&fit=bounds&height=90&width=90&canvas=90:90",17,,,,,
"2406261",,,,,,,,,,,,,,"https://cdn.premierhousewares.com/media/catalog/product/2/4/2406261.jpg?optimize=high&fit=bounds&height=&width=&canvas=:",18,,,,,
"5528695","Lyon 4 Door Natural Rattan And Oak Sideboard","The Lyon sideboard effortlessly combines rustic charm and sophistication with a durable oak wood frame adorned with natural rattan inserts. This four door sideboard has a solid oak wood frame with woven rattan front panels exuding contemporary minimalism. Its clean lines and tapered legs add sophistication, while the four spacious compartments provide ample storage.","",,"","Abstract","TRUE",,,,,,,"https://cdn.premierhousewares.com/media/catalog/product/5/5/5528695_-_web_size.jpg?optimize=high&fit=bounds&height=700&width=700&canvas=700:700",,,,,,"active"
"5528695",,,,,,,,,,,,,,"https://cdn.premierhousewares.com/media/catalog/product/5/5/5528695_liv_06.jpg?optimize=high&fit=bounds&height=700&width=700&canvas=700:700",2,,,,,
"5528695",,,,,,,,,,,,,,"https://cdn.premierhousewares.com/media/catalog/product/5/5/5528695_01_-_web_size.jpg?optimize=high&fit=bounds&height=700&width=700&canvas=700:700",3,,,,,
"5528695",,,,,,,,,,,,,,"https://cdn.premierhousewares.com/media/catalog/product/5/5/5528695_-_web_size.jpg?optimize=high&fit=bounds&height=90&width=90&canvas=90:90",4,,,,,
"5528695",,,,,,,,,,,,,,"https://cdn.premierhousewares.com/media/catalog/product/5/5/5528695_01_-_web_size.jpg?optimize=high&fit=bounds&height=90&width=90&canvas=90:90",5,,,,,
"5528695",,,,,,,,,,,,,,"https://cdn.premierhousewares.com/media/catalog/product/5/5/5528695_02_-_web_size.jpg?optimize=high&fit=bounds&height=90&width=90&canvas=90:90",6,,,,,
"5528695",,,,,,,,,,,,,,"https://cdn.premierhousewares.com/media/catalog/product/5/5/5528695_03_-_web_size.jpg?optimize=high&fit=bounds&height=90&width=90&canvas=90:90",7,,,,,
"5528695",,,,,,,,,,,,,,"https://cdn.premierhousewares.com/media/catalog/product/5/5/5528695_04_-_web_size.jpg?optimize=high&fit=bounds&height=90&width=90&canvas=90:90",8,,,,,
"5528695",,,,,,,,,,,,,,"https://cdn.premierhousewares.com/media/catalog/product/5/5/5528695_mac_01_-_web_size.jpg?optimize=high&fit=bounds&height=90&width=90&canvas=90:90",9,,,,,
"5528695",,,,,,,,,,,,,,"https://cdn.premierhousewares.com/media/catalog/product/5/5/5528695_mac_02_-_web_size.jpg?optimize=high&fit=bounds&height=90&width=90&canvas=90:90",10,,,,,
"5528695",,,,,,,,,,,,,,"https://cdn.premierhousewares.com/media/catalog/product/5/5/5528695_mac_03_-_web_size.jpg?optimize=high&fit=bounds&height=90&width=90&canvas=90:90",11,,,,,
"5528695",,,,,,,,,,,,,,"https://cdn.premierhousewares.com/media/catalog/product/5/5/5528695_mac_04_-_web_size.jpg?optimize=high&fit=bounds&height=90&width=90&canvas=90:90",12,,,,,
"5528695",,,,,,,,,,,,,,"https://cdn.premierhousewares.com/media/catalog/product/5/5/5528695_mac_05_-_web_size.jpg?optimize=high&fit=bounds&height=90&width=90&canvas=90:90",13,,,,,
"5528695",,,,,,,,,,,,,,"https://cdn.premierhousewares.com/media/catalog/product/5/5/5528695_mac_06_-_web_size.jpg?optimize=high&fit=bounds&height=90&width=90&canvas=90:90",14,,,,,
"5528695",,,,,,,,,,,,,,"https://cdn.premierhousewares.com/media/catalog/product/5/5/5528695_mac_07_-_web_size.jpg?optimize=high&fit=bounds&height=90&width=90&canvas=90:90",15,,,,,
"5528695",,,,,,,,,,,,,,"https://cdn.premierhousewares.com/media/catalog/product/5/5/5528695_mac_08_-_web_size.jpg?optimize=high&fit=bounds&height=90&width=90&canvas=90:90",16,,,,,
"5528695",,,,,,,,,,,,,,"https://cdn.premierhousewares.com/media/catalog/product/5/5/5528695_liv_01.jpg?optimize=high&fit=bounds&height=90&width=90&canvas=90:90",17,,,,,
"5528695",,,,,,,,,,,,,,"https://cdn.premierhousewares.com/media/catalog/product/5/5/5528695_liv_02.jpg?optimize=high&fit=bounds&height=90&width=90&canvas=90:90",18,,,,,
"5528695",,,,,,,,,,,,,,"https://cdn.premierhousewares.com/media/catalog/product/5/5/5528695_liv_03.jpg?optimize=high&fit=bounds&height=90&width=90&canvas=90:90",19,,,,,
"5528695",,,,,,,,,,,,,,"https://cdn.premierhousewares.com/media/catalog/product/5/5/5528695_liv_04.jpg?optimize=high&fit=bounds&height=90&width=90&canvas=90:90",20,,,,,
"5528695",,,,,,,,,,,,,,"https://cdn.premierhousewares.com/media/catalog/product/5/5/5528695_liv_05.jpg?optimize=high&fit=bounds&height=90&width=90&canvas=90:90",21,,,,,
"5528695",,,,,,,,,,,,,,"https://cdn.premierhousewares.com/media/catalog/product/5/5/5528695_liv_06.jpg?optimize=high&fit=bounds&height=90&width=90&canvas=90:90",22,,,,,
"5528695",,,,,,,,,,,,,,"https://cdn.premierhousewares.com/media/catalog/product/5/5/5528695_-_web_size.jpg?optimize=high&fit=bounds&height=&width=&canvas=:",23,,,,,
"5529231","Gabor Side Table","This natural bamboo side table with an ebony finish base combines light and dark hues to create a modern statement piece. This natural bamboo side table has a square shape with clean sides in two tonal contrast. An angular line gently intersects the upper part in rich grain character with a base in a dark ebony finish, which combine to create an eye catching look.","",,"","Abstract","TRUE",,,,,,,"https://cdn.premierhousewares.com/media/catalog/product/5/5/5529231.jpg?optimize=high&fit=bounds&height=700&width=700&canvas=700:700",,,,,,"active"
"5529231",,,,,,,,,,,,,,"https://cdn.premierhousewares.com/media/catalog/product/5/5/5529231_mac_03.jpg?optimize=high&fit=bounds&height=700&width=700&canvas=700:700",2,,,,,
"5529231",,,,,,,,,,,,,,"https://cdn.premierhousewares.com/media/catalog/product/5/5/5529231_01.jpg?optimize=high&fit=bounds&height=700&width=700&canvas=700:700",3,,,,,
"5529231",,,,,,,,,,,,,,"https://cdn.premierhousewares.com/media/catalog/product/5/5/5529231.jpg?optimize=high&fit=bounds&height=90&width=90&canvas=90:90",4,,,,,
"5529231",,,,,,,,,,,,,,"https://cdn.premierhousewares.com/media/catalog/product/5/5/5529231_01.jpg?optimize=high&fit=bounds&height=90&width=90&canvas=90:90",5,,,,,
"5529231",,,,,,,,,,,,,,"https://cdn.premierhousewares.com/media/catalog/product/5/5/5529231_mac_01.jpg?optimize=high&fit=bounds&height=90&width=90&canvas=90:90",6,,,,,
"5529231",,,,,,,,,,,,,,"https://cdn.premierhousewares.com/media/catalog/product/5/5/5529231_mac_02.jpg?optimize=high&fit=bounds&height=90&width=90&canvas=90:90",7,,,,,
"5529231",,,,,,,,,,,,,,"https://cdn.premierhousewares.com/media/catalog/product/5/5/5529231_mac_03.jpg?optimize=high&fit=bounds&height=90&width=90&canvas=90:90",8,,,,,
"5529231",,,,,,,,,,,,,,"https://cdn.premierhousewares.com/media/catalog/product/5/5/5529231.jpg?optimize=high&fit=bounds&height=&width=&canvas=:",9,,,,,
"2404973","Lyon Oak Wood Sideboard","The subtly sculpted plinth base of the Lyon sideboard complements its carved sides, contributing to the rustic style of this significant piece. Four glass panelled doors open to reveal a shelf, perfect for storage and display purposes. Juxtaposing the golden wood is a pair of intricately carved handles, made from black metal. This wooden sideboard will complement most decor settings.","",,"","Abstract","TRUE",,,,,,,"https://cdn.premierhousewares.com/media/catalog/product/2/4/2404973.jpg?optimize=high&fit=bounds&height=700&width=700&canvas=700:700",,,,,,"active"
"2404973",,,,,,,,,,,,,,"https://cdn.premierhousewares.com/media/catalog/product/2/4/2404973_mac_03.jpg?optimize=high&fit=bounds&height=700&width=700&canvas=700:700",2,,,,,
"2404973",,,,,,,,,,,,,,"https://cdn.premierhousewares.com/media/catalog/product/2/4/2404973_01.jpg?optimize=high&fit=bounds&height=700&width=700&canvas=700:700",3,,,,,
"2404973",,,,,,,,,,,,,,"https://cdn.premierhousewares.com/media/catalog/product/2/4/2404973.jpg?optimize=high&fit=bounds&height=90&width=90&canvas=90:90",4,,,,,
"2404973",,,,,,,,,,,,,,"https://cdn.premierhousewares.com/media/catalog/product/2/4/2404973_01.jpg?optimize=high&fit=bounds&height=90&width=90&canvas=90:90",5,,,,,
"2404973",,,,,,,,,,,,,,"https://cdn.premierhousewares.com/media/catalog/product/2/4/2404973_fcn_01.jpg?optimize=high&fit=bounds&height=90&width=90&canvas=90:90",6,,,,,
"2404973",,,,,,,,,,,,,,"https://cdn.premierhousewares.com/media/catalog/product/2/4/2404973_fcn_02.jpg?optimize=high&fit=bounds&height=90&width=90&canvas=90:90",7,,,,,
"2404973",,,,,,,,,,,,,,"https://cdn.premierhousewares.com/media/catalog/product/2/4/2404973_mac_01.jpg?optimize=high&fit=bounds&height=90&width=90&canvas=90:90",8,,,,,
"2404973",,,,,,,,,,,,,,"https://cdn.premierhousewares.com/media/catalog/product/2/4/2404973_mac_02.jpg?optimize=high&fit=bounds&height=90&width=90&canvas=90:90",9,,,,,
"2404973",,,,,,,,,,,,,,"https://cdn.premierhousewares.com/media/catalog/product/2/4/2404973_mac_03.jpg?optimize=high&fit=bounds&height=90&width=90&canvas=90:90",10,,,,,
"2404973",,,,,,,,,,,,,,"https://cdn.premierhousewares.com/media/catalog/product/2/4/2404973.jpg?optimize=high&fit=bounds&height=&width=&canvas=:",11,,,,,
"5528691","Lyon Rattan and Oak Wood Two Drawer Chest","The Lyon two drawer chest evokes a nostalgic charm with its warm oak wood structure and rattan drawer fronts. The chest has a mid century modern style that pairs well with boho chic, retro and scandi interiors. It has a clean structure with two drawers, each with a rattan front. It is  great for keeping home items organised while adding style to the space.","",,"","Abstract","TRUE",,,,,,,"https://cdn.premierhousewares.com/media/catalog/product/5/5/5528691_-_web_size.jpg?optimize=high&fit=bounds&height=700&width=700&canvas=700:700",,,,,,"active"
"5528691",,,,,,,,,,,,,,"https://cdn.premierhousewares.com/media/catalog/product/5/5/5528691_mac_05_-_web_size_1.jpg?optimize=high&fit=bounds&height=700&width=700&canvas=700:700",2,,,,,
"5528691",,,,,,,,,,,,,,"https://cdn.premierhousewares.com/media/catalog/product/5/5/5528691_01_-_web_size_1.jpg?optimize=high&fit=bounds&height=700&width=700&canvas=700:700",3,,,,,
"5528691",,,,,,,,,,,,,,"https://cdn.premierhousewares.com/media/catalog/product/5/5/5528691_-_web_size.jpg?optimize=high&fit=bounds&height=90&width=90&canvas=90:90",4,,,,,
"5528691",,,,,,,,,,,,,,"https://cdn.premierhousewares.com/media/catalog/product/5/5/5528691_01_-_web_size_1.jpg?optimize=high&fit=bounds&height=90&width=90&canvas=90:90",5,,,,,
"5528691",,,,,,,,,,,,,,"https://cdn.premierhousewares.com/media/catalog/product/5/5/5528691_liv_01.jpg?optimize=high&fit=bounds&height=90&width=90&canvas=90:90",6,,,,,
"5528691",,,,,,,,,,,,,,"https://cdn.premierhousewares.com/media/catalog/product/5/5/5528691_02_-_web_size_1.jpg?optimize=high&fit=bounds&height=90&width=90&canvas=90:90",7,,,,,
"5528691",,,,,,,,,,,,,,"https://cdn.premierhousewares.com/media/catalog/product/5/5/5528691_liv_04.jpg?optimize=high&fit=bounds&height=90&width=90&canvas=90:90",8,,,,,
"5528691",,,,,,,,,,,,,,"https://cdn.premierhousewares.com/media/catalog/product/5/5/5528691_liv_05.jpg?optimize=high&fit=bounds&height=90&width=90&canvas=90:90",9,,,,,
"5528691",,,,,,,,,,,,,,"https://cdn.premierhousewares.com/media/catalog/product/5/5/5528691_liv_03.jpg?optimize=high&fit=bounds&height=90&width=90&canvas=90:90",10,,,,,
"5528691",,,,,,,,,,,,,,"https://cdn.premierhousewares.com/media/catalog/product/5/5/5528691_liv_02.jpg?optimize=high&fit=bounds&height=90&width=90&canvas=90:90",11,,,,,
"5528691",,,,,,,,,,,,,,"https://cdn.premierhousewares.com/media/catalog/product/5/5/5528691_mac_06_-_web_size.jpg?optimize=high&fit=bounds&height=90&width=90&canvas=90:90",12,,,,,
"5528691",,,,,,,,,,,,,,"https://cdn.premierhousewares.com/media/catalog/product/5/5/5528691_03_-_web_size_1.jpg?optimize=high&fit=bounds&height=90&width=90&canvas=90:90",13,,,,,
"5528691",,,,,,,,,,,,,,"https://cdn.premierhousewares.com/media/catalog/product/5/5/5528691_04_-_web_size_1.jpg?optimize=high&fit=bounds&height=90&width=90&canvas=90:90",14,,,,,
"5528691",,,,,,,,,,,,,,"https://cdn.premierhousewares.com/media/catalog/product/5/5/5528691_mac_01_-_web_size_1.jpg?optimize=high&fit=bounds&height=90&width=90&canvas=90:90",15,,,,,
"5528691",,,,,,,,,,,,,,"https://cdn.premierhousewares.com/media/catalog/product/5/5/5528691_mac_02_-_web_size_1.jpg?optimize=high&fit=bounds&height=90&width=90&canvas=90:90",16,,,,,
"5528691",,,,,,,,,,,,,,"https://cdn.premierhousewares.com/media/catalog/product/5/5/5528691_mac_03_-_web_size_1.jpg?optimize=high&fit=bounds&height=90&width=90&canvas=90:90",17,,,,,
"5528691",,,,,,,,,,,,,,"https://cdn.premierhousewares.com/media/catalog/product/5/5/5528691_mac_04_-_web_size_1.jpg?optimize=high&fit=bounds&height=90&width=90&canvas=90:90",18,,,,,
"5528691",,,,,,,,,,,,,,"https://cdn.premierhousewares.com/media/catalog/product/5/5/5528691_mac_05_-_web_size_1.jpg?optimize=high&fit=bounds&height=90&width=90&canvas=90:90",19,,,,,
"5528691",,,,,,,,,,,,,,"https://cdn.premierhousewares.com/media/catalog/product/5/5/5528691_-_web_size.jpg?optimize=high&fit=bounds&height=&width=&canvas=:",20,,,,,
"5528577","Doha Side Table","This side table has a white veined marble top and dark wood base with golden trim, giving the design a touch of sophistication and luxury. This side table has a striking contrast of a rounded white marble top with a dark wood base that has a golden trim. Featuring a fluted pattern, the sturdy dark wood base creates visual interest with its unique design details and dimensions.","",,"","Abstract","TRUE",,,,,,,"https://cdn.premierhousewares.com/media/catalog/product/5/5/5528577.jpg?optimize=high&fit=bounds&height=700&width=700&canvas=700:700",,,,,,"active"
"5528577",,,,,,,,,,,,,,"https://cdn.premierhousewares.com/media/catalog/product/5/5/5528577_liv_01.jpg?optimize=high&fit=bounds&height=700&width=700&canvas=700:700",2,,,,,
"5528577",,,,,,,,,,,,,,"https://cdn.premierhousewares.com/media/catalog/product/5/5/5528577_01.jpg?optimize=high&fit=bounds&height=700&width=700&canvas=700:700",3,,,,,
"5528577",,,,,,,,,,,,,,"https://cdn.premierhousewares.com/media/catalog/product/5/5/5528577.jpg?optimize=high&fit=bounds&height=90&width=90&canvas=90:90",4,,,,,
"5528577",,,,,,,,,,,,,,"https://cdn.premierhousewares.com/media/catalog/product/5/5/5528577_01.jpg?optimize=high&fit=bounds&height=90&width=90&canvas=90:90",5,,,,,
"5528577",,,,,,,,,,,,,,"https://cdn.premierhousewares.com/media/catalog/product/5/5/5528577_mac_01.jpg?optimize=high&fit=bounds&height=90&width=90&canvas=90:90",6,,,,,
"5528577",,,,,,,,,,,,,,"https://cdn.premierhousewares.com/media/catalog/product/5/5/5528577_mac_02.jpg?optimize=high&fit=bounds&height=90&width=90&canvas=90:90",7,,,,,
"5528577",,,,,,,,,,,,,,"https://cdn.premierhousewares.com/media/catalog/product/5/5/5528577_mac_03.jpg?optimize=high&fit=bounds&height=90&width=90&canvas=90:90",8,,,,,
"5528577",,,,,,,,,,,,,,"https://cdn.premierhousewares.com/media/catalog/product/5/5/5528577_mac_04.jpg?optimize=high&fit=bounds&height=90&width=90&canvas=90:90",9,,,,,
"5528577",,,,,,,,,,,,,,"https://cdn.premierhousewares.com/media/catalog/product/5/5/5528577_liv_01.jpg?optimize=high&fit=bounds&height=90&width=90&canvas=90:90",10,,,,,
"5528577",,,,,,,,,,,,,,"https://cdn.premierhousewares.com/media/catalog/product/5/5/5528577.jpg?optimize=high&fit=bounds&height=&width=&canvas=:",11,,,,,
"5529232","Gabor Coffee Table","This natural bamboo rectangular coffee table with an ebony finish base combines light and dark hues to create a modern statement piece. This natural bamboo coffee table has a minimal profile with clean sides in two tonal contrast. An angular line gently intersects the upper part in rich grain character with a base in a dark ebony finish, which combine to create an eye catching look.","",,"","Abstract","TRUE",,,,,,,"https://cdn.premierhousewares.com/media/catalog/product/5/5/5529232_-_web_size.jpg?optimize=high&fit=bounds&height=700&width=700&canvas=700:700",,,,,,"active"
"5529232",,,,,,,,,,,,,,"https://cdn.premierhousewares.com/media/catalog/product/5/5/5529232_mac_03_-_web_size.jpg?optimize=high&fit=bounds&height=700&width=700&canvas=700:700",2,,,,,
"5529232",,,,,,,,,,,,,,"https://cdn.premierhousewares.com/media/catalog/product/5/5/5529232_01_-_web_size.jpg?optimize=high&fit=bounds&height=700&width=700&canvas=700:700",3,,,,,
"5529232",,,,,,,,,,,,,,"https://cdn.premierhousewares.com/media/catalog/product/5/5/5529232_-_web_size.jpg?optimize=high&fit=bounds&height=90&width=90&canvas=90:90",4,,,,,
"5529232",,,,,,,,,,,,,,"https://cdn.premierhousewares.com/media/catalog/product/5/5/5529232_01_-_web_size.jpg?optimize=high&fit=bounds&height=90&width=90&canvas=90:90",5,,,,,
"5529232",,,,,,,,,,,,,,"https://cdn.premierhousewares.com/media/catalog/product/5/5/5529232_02_-_web_size.jpg?optimize=high&fit=bounds&height=90&width=90&canvas=90:90",6,,,,,
"5529232",,,,,,,,,,,,,,"https://cdn.premierhousewares.com/media/catalog/product/5/5/5529232_liv_02.jpg?optimize=high&fit=bounds&height=90&width=90&canvas=90:90",7,,,,,
"5529232",,,,,,,,,,,,,,"https://cdn.premierhousewares.com/media/catalog/product/5/5/5529232_liv_03.jpg?optimize=high&fit=bounds&height=90&width=90&canvas=90:90",8,,,,,
"5529232",,,,,,,,,,,,,,"https://cdn.premierhousewares.com/media/catalog/product/5/5/5529232_liv_01.jpg?optimize=high&fit=bounds&height=90&width=90&canvas=90:90",9,,,,,
"5529232",,,,,,,,,,,,,,"https://cdn.premierhousewares.com/media/catalog/product/5/5/5529232_liv_04.jpg?optimize=high&fit=bounds&height=90&width=90&canvas=90:90",10,,,,,
"5529232",,,,,,,,,,,,,,"https://cdn.premierhousewares.com/media/catalog/product/5/5/5529232_liv_05.jpg?optimize=high&fit=bounds&height=90&width=90&canvas=90:90",11,,,,,
"5529232",,,,,,,,,,,,,,"https://cdn.premierhousewares.com/media/catalog/product/5/5/5529232_mac_01_-_web_size.jpg?optimize=high&fit=bounds&height=90&width=90&canvas=90:90",12,,,,,
"5529232",,,,,,,,,,,,,,"https://cdn.premierhousewares.com/media/catalog/product/5/5/5529232_mac_02_-_web_size.jpg?optimize=high&fit=bounds&height=90&width=90&canvas=90:90",13,,,,,
"5529232",,,,,,,,,,,,,,"https://cdn.premierhousewares.com/media/catalog/product/5/5/5529232_mac_03_-_web_size.jpg?optimize=high&fit=bounds&height=90&width=90&canvas=90:90",14,,,,,
"5529232",,,,,,,,,,,,,,"https://cdn.premierhousewares.com/media/catalog/product/5/5/5529232_-_web_size.jpg?optimize=high&fit=bounds&height=&width=&canvas=:",15,,,,,
"5527882","Corso Three Door Sideboard","The Corso three door sideboard will suit nordic decors with the simple and elegant design. Made from renewable rattan, this black finish sideboard has clean lines creating a sophisticated aesthetic. Offering ample storage, three doors have natural criss cross pattern and matching handles which combine to give the low profile design a touch of warmth and texture.","",,"","Abstract","TRUE",,,,,,,"https://cdn.premierhousewares.com/media/catalog/product/5/5/5527882.jpg?optimize=high&fit=bounds&height=700&width=700&canvas=700:700",,,,,,"active"
"5527882",,,,,,,,,,,,,,"https://cdn.premierhousewares.com/media/catalog/product/5/5/5527882_mac_07.jpg?optimize=high&fit=bounds&height=700&width=700&canvas=700:700",2,,,,,
"5527882",,,,,,,,,,,,,,"https://cdn.premierhousewares.com/media/catalog/product/5/5/5527882_01.jpg?optimize=high&fit=bounds&height=700&width=700&canvas=700:700",3,,,,,
"5527882",,,,,,,,,,,,,,"https://cdn.premierhousewares.com/media/catalog/product/5/5/5527882.jpg?optimize=high&fit=bounds&height=90&width=90&canvas=90:90",4,,,,,
"5527882",,,,,,,,,,,,,,"https://cdn.premierhousewares.com/media/catalog/product/5/5/5527882_01.jpg?optimize=high&fit=bounds&height=90&width=90&canvas=90:90",5,,,,,
"5527882",,,,,,,,,,,,,,"https://cdn.premierhousewares.com/media/catalog/product/5/5/5527882_02.jpg?optimize=high&fit=bounds&height=90&width=90&canvas=90:90",6,,,,,
"5527882",,,,,,,,,,,,,,"https://cdn.premierhousewares.com/media/catalog/product/5/5/5527882_03.jpg?optimize=high&fit=bounds&height=90&width=90&canvas=90:90",7,,,,,
"5527882",,,,,,,,,,,,,,"https://cdn.premierhousewares.com/media/catalog/product/5/5/5527882_04.jpg?optimize=high&fit=bounds&height=90&width=90&canvas=90:90",8,,,,,
"5527882",,,,,,,,,,,,,,"https://cdn.premierhousewares.com/media/catalog/product/5/5/5527882_05.jpg?optimize=high&fit=bounds&height=90&width=90&canvas=90:90",9,,,,,
"5527882",,,,,,,,,,,,,,"https://cdn.premierhousewares.com/media/catalog/product/5/5/5527882_mac_01.jpg?optimize=high&fit=bounds&height=90&width=90&canvas=90:90",10,,,,,
"5527882",,,,,,,,,,,,,,"https://cdn.premierhousewares.com/media/catalog/product/5/5/5527882_mac_02.jpg?optimize=high&fit=bounds&height=90&width=90&canvas=90:90",11,,,,,
"5527882",,,,,,,,,,,,,,"https://cdn.premierhousewares.com/media/catalog/product/5/5/5527882_mac_04.jpg?optimize=high&fit=bounds&height=90&width=90&canvas=90:90",12,,,,,
"5527882",,,,,,,,,,,,,,"https://cdn.premierhousewares.com/media/catalog/product/5/5/5527882_mac_05.jpg?optimize=high&fit=bounds&height=90&width=90&canvas=90:90",13,,,,,
"5527882",,,,,,,,,,,,,,"https://cdn.premierhousewares.com/media/catalog/product/5/5/5527882_mac_06.jpg?optimize=high&fit=bounds&height=90&width=90&canvas=90:90",14,,,,,
"5527882",,,,,,,,,,,,,,"https://cdn.premierhousewares.com/media/catalog/product/5/5/5527882_mac_07.jpg?optimize=high&fit=bounds&height=90&width=90&canvas=90:90",15,,,,,
"5527882",,,,,,,,,,,,,,"https://cdn.premierhousewares.com/media/catalog/product/5/5/5527882.jpg?optimize=high&fit=bounds&height=&width=&canvas=:",16,,,,,
"5527831","Gabelle Square Side Table","Featuring a striking sunburst design tabletop in natural wood hues, this square side table is ideal for modern interiors with an edge. This dark brown, clean-lined side table is made of ebony bamboo for long-lasting use. The squared- shape table has a contemporary and understated design featuring a sunburst patterned tabletop and warm metallic base.","",,"","Abstract","TRUE",,,,,,,"https://cdn.premierhousewares.com/media/catalog/product/5/5/5527831.jpg?optimize=high&fit=bounds&height=700&width=700&canvas=700:700",,,,,,"active"
"5527831",,,,,,,,,,,,,,"https://cdn.premierhousewares.com/media/catalog/product/5/5/5527831_liv_01.jpg?optimize=high&fit=bounds&height=700&width=700&canvas=700:700",2,,,,,
"5527831",,,,,,,,,,,,,,"https://cdn.premierhousewares.com/media/catalog/product/5/5/5527831_01.jpg?optimize=high&fit=bounds&height=700&width=700&canvas=700:700",3,,,,,
"5527831",,,,,,,,,,,,,,"https://cdn.premierhousewares.com/media/catalog/product/5/5/5527831.jpg?optimize=high&fit=bounds&height=90&width=90&canvas=90:90",4,,,,,
"5527831",,,,,,,,,,,,,,"https://cdn.premierhousewares.com/media/catalog/product/5/5/5527831_01.jpg?optimize=high&fit=bounds&height=90&width=90&canvas=90:90",5,,,,,
"5527831",,,,,,,,,,,,,,"https://cdn.premierhousewares.com/media/catalog/product/5/5/5527831_02.jpg?optimize=high&fit=bounds&height=90&width=90&canvas=90:90",6,,,,,
"5527831",,,,,,,,,,,,,,"https://cdn.premierhousewares.com/media/catalog/product/5/5/5527831_03.jpg?optimize=high&fit=bounds&height=90&width=90&canvas=90:90",7,,,,,
"5527831",,,,,,,,,,,,,,"https://cdn.premierhousewares.com/media/catalog/product/5/5/5527831_mac_01.jpg?optimize=high&fit=bounds&height=90&width=90&canvas=90:90",8,,,,,
"5527831",,,,,,,,,,,,,,"https://cdn.premierhousewares.com/media/catalog/product/5/5/5527831_mac_02.jpg?optimize=high&fit=bounds&height=90&width=90&canvas=90:90",9,,,,,
"5527831",,,,,,,,,,,,,,"https://cdn.premierhousewares.com/media/catalog/product/5/5/5527831_mac_03.jpg?optimize=high&fit=bounds&height=90&width=90&canvas=90:90",10,,,,,
"5527831",,,,,,,,,,,,,,"https://cdn.premierhousewares.com/media/catalog/product/5/5/5527831_liv_01.jpg?optimize=high&fit=bounds&height=90&width=90&canvas=90:90",11,,,,,
"5527831",,,,,,,,,,,,,,"https://cdn.premierhousewares.com/media/catalog/product/5/5/5527831.jpg?optimize=high&fit=bounds&height=&width=&canvas=:",12,,,,,
"5527562","Gabo Large Coffee Table","Add a touch of warmth with understated elegance to the living room with this large natural bamboo coffee table. Handcrafted from bamboo, this large coffee table features smooth sides with a sleek edge. The countered base in dark ebony and natural shade contrasts the decorative sunburst pattern on the rounded top and elevates natural charm and style.","",,"","Abstract","TRUE",,,,,,,"https://cdn.premierhousewares.com/media/catalog/product/5/5/5527562.jpg?optimize=high&fit=bounds&height=700&width=700&canvas=700:700",,,,,,"active"
"5527562",,,,,,,,,,,,,,"https://cdn.premierhousewares.com/media/catalog/product/5/5/5527562_mac_04.jpg?optimize=high&fit=bounds&height=700&width=700&canvas=700:700",2,,,,,
"5527562",,,,,,,,,,,,,,"https://cdn.premierhousewares.com/media/catalog/product/5/5/5527562_01.jpg?optimize=high&fit=bounds&height=700&width=700&canvas=700:700",3,,,,,
"5527562",,,,,,,,,,,,,,"https://cdn.premierhousewares.com/media/catalog/product/5/5/5527562.jpg?optimize=high&fit=bounds&height=90&width=90&canvas=90:90",4,,,,,
"5527562",,,,,,,,,,,,,,"https://cdn.premierhousewares.com/media/catalog/product/5/5/5527562_01.jpg?optimize=high&fit=bounds&height=90&width=90&canvas=90:90",5,,,,,
"5527562",,,,,,,,,,,,,,"https://cdn.premierhousewares.com/media/catalog/product/5/5/5527562_mac_01.jpg?optimize=high&fit=bounds&height=90&width=90&canvas=90:90",6,,,,,
"5527562",,,,,,,,,,,,,,"https://cdn.premierhousewares.com/media/catalog/product/5/5/5527562_mac_02.jpg?optimize=high&fit=bounds&height=90&width=90&canvas=90:90",7,,,,,
"5527562",,,,,,,,,,,,,,"https://cdn.premierhousewares.com/media/catalog/product/5/5/5527562_mac_03.jpg?optimize=high&fit=bounds&height=90&width=90&canvas=90:90",8,,,,,
"5527562",,,,,,,,,,,,,,"https://cdn.premierhousewares.com/media/catalog/product/5/5/5527562_mac_04.jpg?optimize=high&fit=bounds&height=90&width=90&canvas=90:90",9,,,,,
"5527562",,,,,,,,,,,,,,"https://cdn.premierhousewares.com/media/catalog/product/5/5/5527562.jpg?optimize=high&fit=bounds&height=&width=&canvas=:",10,,,,,
"5502693","Trento Set Of 2 Side Tables","The Trento set of 3 round side tables features a contemporary designed black coated metal frames and grey glass tops. Each of these two Trento side tables has a round grey glass top that is neatly set into a metallic frame. It is complemented by a round base that is connected to the top via the sleek black finish wires. The open design bases of these sleek and stylish nesting tables allow then to be nested together when not in use.","",,"","Abstract","TRUE",,,,,,,"https://cdn.premierhousewares.com/media/catalog/product/5/5/5502693.jpg?optimize=high&fit=bounds&height=700&width=700&canvas=700:700",,,,,,"active"
"5502693",,,,,,,,,,,,,,"https://cdn.premierhousewares.com/media/catalog/product/5/5/5502693_mac_02.jpg?optimize=high&fit=bounds&height=700&width=700&canvas=700:700",2,,,,,
"5502693",,,,,,,,,,,,,,"https://cdn.premierhousewares.com/media/catalog/product/5/5/5502693_ils_02.jpg?optimize=high&fit=bounds&height=700&width=700&canvas=700:700",3,,,,,
"5502693",,,,,,,,,,,,,,"https://cdn.premierhousewares.com/media/catalog/product/5/5/5502693.jpg?optimize=high&fit=bounds&height=90&width=90&canvas=90:90",4,,,,,
"5502693",,,,,,,,,,,,,,"https://cdn.premierhousewares.com/media/catalog/product/5/5/5502693_ils_02.jpg?optimize=high&fit=bounds&height=90&width=90&canvas=90:90",5,,,,,
"5502693",,,,,,,,,,,,,,"https://cdn.premierhousewares.com/media/catalog/product/5/5/5502693_01.jpg?optimize=high&fit=bounds&height=90&width=90&canvas=90:90",6,,,,,
"5502693",,,,,,,,,,,,,,"https://cdn.premierhousewares.com/media/catalog/product/5/5/5502693_ils_01.jpg?optimize=high&fit=bounds&height=90&width=90&canvas=90:90",7,,,,,
"5502693",,,,,,,,,,,,,,"https://cdn.premierhousewares.com/media/catalog/product/5/5/5502693_02.jpg?optimize=high&fit=bounds&height=90&width=90&canvas=90:90",8,,,,,
"5502693",,,,,,,,,,,,,,"https://cdn.premierhousewares.com/media/catalog/product/5/5/5502693_03.jpg?optimize=high&fit=bounds&height=90&width=90&canvas=90:90",9,,,,,
"5502693",,,,,,,,,,,,,,"https://cdn.premierhousewares.com/media/catalog/product/5/5/5502693_mac_01.jpg?optimize=high&fit=bounds&height=90&width=90&canvas=90:90",10,,,,,
"5502693",,,,,,,,,,,,,,"https://cdn.premierhousewares.com/media/catalog/product/5/5/5502693_mac_02.jpg?optimize=high&fit=bounds&height=90&width=90&canvas=90:90",11,,,,,
"5502693",,,,,,,,,,,,,,"https://cdn.premierhousewares.com/media/catalog/product/5/5/5502693.jpg?optimize=high&fit=bounds&height=&width=&canvas=:",12,,,,,
"5528067","Jakara Sideboard With Metal Legs","Combining style and simplicity, this sideboard will provide ample storage. The Jakara sideboard has a carved effect wood that features an abstract pattern. This side board has black finish metal legs contributing to its rustic design.","",,"","Abstract","TRUE",,,,,,,"https://cdn.premierhousewares.com/media/catalog/product/5/5/5528067_-_web_size.jpg?optimize=high&fit=bounds&height=700&width=700&canvas=700:700",,,,,,"active"
"5528067",,,,,,,,,,,,,,"https://cdn.premierhousewares.com/media/catalog/product/5/5/5528067_mac_05_-_web_size.jpg?optimize=high&fit=bounds&height=700&width=700&canvas=700:700",2,,,,,
"5528067",,,,,,,,,,,,,,"https://cdn.premierhousewares.com/media/catalog/product/5/5/5528067_01_-_web_size.jpg?optimize=high&fit=bounds&height=700&width=700&canvas=700:700",3,,,,,
"5528067",,,,,,,,,,,,,,"https://cdn.premierhousewares.com/media/catalog/product/5/5/5528067_-_web_size.jpg?optimize=high&fit=bounds&height=90&width=90&canvas=90:90",4,,,,,
"5528067",,,,,,,,,,,,,,"https://cdn.premierhousewares.com/media/catalog/product/5/5/5528067_01_-_web_size.jpg?optimize=high&fit=bounds&height=90&width=90&canvas=90:90",5,,,,,
"5528067",,,,,,,,,,,,,,"https://cdn.premierhousewares.com/media/catalog/product/5/5/5528067_02_-_web_size.jpg?optimize=high&fit=bounds&height=90&width=90&canvas=90:90",6,,,,,
"5528067",,,,,,,,,,,,,,"https://cdn.premierhousewares.com/media/catalog/product/5/5/5528067_03_-_web_size.jpg?optimize=high&fit=bounds&height=90&width=90&canvas=90:90",7,,,,,
"5528067",,,,,,,,,,,,,,"https://cdn.premierhousewares.com/media/catalog/product/5/5/5528067_04_-_web_size.jpg?optimize=high&fit=bounds&height=90&width=90&canvas=90:90",8,,,,,
"5528067",,,,,,,,,,,,,,"https://cdn.premierhousewares.com/media/catalog/product/5/5/5528067_liv_01_-_web_size.jpg?optimize=high&fit=bounds&height=90&width=90&canvas=90:90",9,,,,,
"5528067",,,,,,,,,,,,,,"https://cdn.premierhousewares.com/media/catalog/product/5/5/5528067_liv_06.jpg?optimize=high&fit=bounds&height=90&width=90&canvas=90:90",10,,,,,
"5528067",,,,,,,,,,,,,,"https://cdn.premierhousewares.com/media/catalog/product/5/5/5528067_liv_02_-_web_size.jpg?optimize=high&fit=bounds&height=90&width=90&canvas=90:90",11,,,,,
"5528067",,,,,,,,,,,,,,"https://cdn.premierhousewares.com/media/catalog/product/5/5/5528067_liv_03_-_web_size.jpg?optimize=high&fit=bounds&height=90&width=90&canvas=90:90",12,,,,,
"5528067",,,,,,,,,,,,,,"https://cdn.premierhousewares.com/media/catalog/product/5/5/5528067_liv_04_-_web_size.jpg?optimize=high&fit=bounds&height=90&width=90&canvas=90:90",13,,,,,
"5528067",,,,,,,,,,,,,,"https://cdn.premierhousewares.com/media/catalog/product/5/5/5528067_liv_05_-_web_size.jpg?optimize=high&fit=bounds&height=90&width=90&canvas=90:90",14,,,,,
"5528067",,,,,,,,,,,,,,"https://cdn.premierhousewares.com/media/catalog/product/5/5/5528067_mac_01_-_web_size.jpg?optimize=high&fit=bounds&height=90&width=90&canvas=90:90",15,,,,,
"5528067",,,,,,,,,,,,,,"https://cdn.premierhousewares.com/media/catalog/product/5/5/5528067_mac_02_-_web_size.jpg?optimize=high&fit=bounds&height=90&width=90&canvas=90:90",16,,,,,
"5528067",,,,,,,,,,,,,,"https://cdn.premierhousewares.com/media/catalog/product/5/5/5528067_mac_03_-_web_size.jpg?optimize=high&fit=bounds&height=90&width=90&canvas=90:90",17,,,,,
"5528067",,,,,,,,,,,,,,"https://cdn.premierhousewares.com/media/catalog/product/5/5/5528067_mac_04_-_web_size.jpg?optimize=high&fit=bounds&height=90&width=90&canvas=90:90",18,,,,,
"5528067",,,,,,,,,,,,,,"https://cdn.premierhousewares.com/media/catalog/product/5/5/5528067_mac_05_-_web_size.jpg?optimize=high&fit=bounds&height=90&width=90&canvas=90:90",19,,,,,
"5528067",,,,,,,,,,,,,,"https://cdn.premierhousewares.com/media/catalog/product/5/5/5528067_-_web_size.jpg?optimize=high&fit=bounds&height=&width=&canvas=:",20,,,,,
"5502683","Trento Coffee Table With Black Glass Top","The Trento coffee table has a sleek design with a black metal wireframe that lends an open and airy aesthetic to the overall design. This round coffee table has a cylindrical matte black base wrapepd with a sleek metal wireframe that extends gracefully to the top to form a wide rim. The black glass stop sits atop the sculptural frame and elevates modern sophistication.","",,"","Abstract","TRUE",,,,,,,"https://cdn.premierhousewares.com/media/catalog/product/5/5/5502683.jpg?optimize=high&fit=bounds&height=700&width=700&canvas=700:700",,,,,,"active"
"5502683",,,,,,,,,,,,,,"https://cdn.premierhousewares.com/media/catalog/product/5/5/5502683_mac_02.jpg?optimize=high&fit=bounds&height=700&width=700&canvas=700:700",2,,,,,
"5502683",,,,,,,,,,,,,,"https://cdn.premierhousewares.com/media/catalog/product/5/5/5502683_ils_01.jpg?optimize=high&fit=bounds&height=700&width=700&canvas=700:700",3,,,,,
"5502683",,,,,,,,,,,,,,"https://cdn.premierhousewares.com/media/catalog/product/5/5/5502683.jpg?optimize=high&fit=bounds&height=90&width=90&canvas=90:90",4,,,,,
"5502683",,,,,,,,,,,,,,"https://cdn.premierhousewares.com/media/catalog/product/5/5/5502683_ils_01.jpg?optimize=high&fit=bounds&height=90&width=90&canvas=90:90",5,,,,,
"5502683",,,,,,,,,,,,,,"https://cdn.premierhousewares.com/media/catalog/product/5/5/5502683_01.jpg?optimize=high&fit=bounds&height=90&width=90&canvas=90:90",6,,,,,
"5502683",,,,,,,,,,,,,,"https://cdn.premierhousewares.com/media/catalog/product/5/5/5502683_ils_02.jpg?optimize=high&fit=bounds&height=90&width=90&canvas=90:90",7,,,,,
"5502683",,,,,,,,,,,,,,"https://cdn.premierhousewares.com/media/catalog/product/5/5/5502683_liv_01.jpg?optimize=high&fit=bounds&height=90&width=90&canvas=90:90",8,,,,,
"5502683",,,,,,,,,,,,,,"https://cdn.premierhousewares.com/media/catalog/product/5/5/5502683_liv_02.jpg?optimize=high&fit=bounds&height=90&width=90&canvas=90:90",9,,,,,
"5502683",,,,,,,,,,,,,,"https://cdn.premierhousewares.com/media/catalog/product/5/5/5502683_liv_03.jpg?optimize=high&fit=bounds&height=90&width=90&canvas=90:90",10,,,,,
"5502683",,,,,,,,,,,,,,"https://cdn.premierhousewares.com/media/catalog/product/5/5/5502683_mac_01.jpg?optimize=high&fit=bounds&height=90&width=90&canvas=90:90",11,,,,,
"5502683",,,,,,,,,,,,,,"https://cdn.premierhousewares.com/media/catalog/product/5/5/5502683_mac_02.jpg?optimize=high&fit=bounds&height=90&width=90&canvas=90:90",12,,,,,
"5502683",,,,,,,,,,,,,,"https://cdn.premierhousewares.com/media/catalog/product/5/5/5502683.jpg?optimize=high&fit=bounds&height=&width=&canvas=:",13,,,,,
"5527865","Covent Sideboard","Create a traditional, yet modern look and feel with the Covent four door black mahogany sideboard. The Covent sideboard is a modern take on a traditional style. The sleek and sturdy mahogany has a black finish, while the four doors offer display and storage space.","",,"","Abstract","TRUE",,,,,,,"https://cdn.premierhousewares.com/media/catalog/product/5/5/5527865.jpg?optimize=high&fit=bounds&height=700&width=700&canvas=700:700",,,,,,"active"
"5527865",,,,,,,,,,,,,,"https://cdn.premierhousewares.com/media/catalog/product/5/5/5527865_liv_03.jpg?optimize=high&fit=bounds&height=700&width=700&canvas=700:700",2,,,,,
"5527865",,,,,,,,,,,,,,"https://cdn.premierhousewares.com/media/catalog/product/5/5/5527865_01.jpg?optimize=high&fit=bounds&height=700&width=700&canvas=700:700",3,,,,,
"5527865",,,,,,,,,,,,,,"https://cdn.premierhousewares.com/media/catalog/product/5/5/5527865.jpg?optimize=high&fit=bounds&height=90&width=90&canvas=90:90",4,,,,,
"5527865",,,,,,,,,,,,,,"https://cdn.premierhousewares.com/media/catalog/product/5/5/5527865_01.jpg?optimize=high&fit=bounds&height=90&width=90&canvas=90:90",5,,,,,
"5527865",,,,,,,,,,,,,,"https://cdn.premierhousewares.com/media/catalog/product/5/5/5527865_02.jpg?optimize=high&fit=bounds&height=90&width=90&canvas=90:90",6,,,,,
"5527865",,,,,,,,,,,,,,"https://cdn.premierhousewares.com/media/catalog/product/5/5/5527865_03.jpg?optimize=high&fit=bounds&height=90&width=90&canvas=90:90",7,,,,,
"5527865",,,,,,,,,,,,,,"https://cdn.premierhousewares.com/media/catalog/product/5/5/5527865_04.jpg?optimize=high&fit=bounds&height=90&width=90&canvas=90:90",8,,,,,
"5527865",,,,,,,,,,,,,,"https://cdn.premierhousewares.com/media/catalog/product/5/5/5527865_mac_01.jpg?optimize=high&fit=bounds&height=90&width=90&canvas=90:90",9,,,,,
"5527865",,,,,,,,,,,,,,"https://cdn.premierhousewares.com/media/catalog/product/5/5/5527865_mac_02.jpg?optimize=high&fit=bounds&height=90&width=90&canvas=90:90",10,,,,,
"5527865",,,,,,,,,,,,,,"https://cdn.premierhousewares.com/media/catalog/product/5/5/5527865_mac_03.jpg?optimize=high&fit=bounds&height=90&width=90&canvas=90:90",11,,,,,
"5527865",,,,,,,,,,,,,,"https://cdn.premierhousewares.com/media/catalog/product/5/5/5527865_mac_04.jpg?optimize=high&fit=bounds&height=90&width=90&canvas=90:90",12,,,,,
"5527865",,,,,,,,,,,,,,"https://cdn.premierhousewares.com/media/catalog/product/5/5/5527865_mac_05.jpg?optimize=high&fit=bounds&height=90&width=90&canvas=90:90",13,,,,,
"5527865",,,,,,,,,,,,,,"https://cdn.premierhousewares.com/media/catalog/product/5/5/5527865_liv_01.jpg?optimize=high&fit=bounds&height=90&width=90&canvas=90:90",14,,,,,
"5527865",,,,,,,,,,,,,,"https://cdn.premierhousewares.com/media/catalog/product/5/5/5527865_liv_02.jpg?optimize=high&fit=bounds&height=90&width=90&canvas=90:90",15,,,,,
"5527865",,,,,,,,,,,,,,"https://cdn.premierhousewares.com/media/catalog/product/5/5/5527865_liv_03.jpg?optimize=high&fit=bounds&height=90&width=90&canvas=90:90",16,,,,,
"5527865",,,,,,,,,,,,,,"https://cdn.premierhousewares.com/media/catalog/product/5/5/5527865.jpg?optimize=high&fit=bounds&height=&width=&canvas=:",17,,,,,
"5529234","Gabor Console Table","This natural bamboo console table with an ebony finish base combines light and dark hues to create a modern statement piece. This natural bamboo console table features a minimal profile with clean sides in two tonal contrast. An angular line intersects the upper part in rich grain character with a base in a dark ebony finish, which combine to create an eye catching look.","",,"","Abstract","TRUE",,,,,,,"https://cdn.premierhousewares.com/media/catalog/product/5/5/5529234.jpg?optimize=high&fit=bounds&height=700&width=700&canvas=700:700",,,,,,"active"
"5529234",,,,,,,,,,,,,,"https://cdn.premierhousewares.com/media/catalog/product/5/5/5529234_mac_03.jpg?optimize=high&fit=bounds&height=700&width=700&canvas=700:700",2,,,,,
"5529234",,,,,,,,,,,,,,"https://cdn.premierhousewares.com/media/catalog/product/5/5/5529234_01.jpg?optimize=high&fit=bounds&height=700&width=700&canvas=700:700",3,,,,,
"5529234",,,,,,,,,,,,,,"https://cdn.premierhousewares.com/media/catalog/product/5/5/5529234.jpg?optimize=high&fit=bounds&height=90&width=90&canvas=90:90",4,,,,,
"5529234",,,,,,,,,,,,,,"https://cdn.premierhousewares.com/media/catalog/product/5/5/5529234_01.jpg?optimize=high&fit=bounds&height=90&width=90&canvas=90:90",5,,,,,
"5529234",,,,,,,,,,,,,,"https://cdn.premierhousewares.com/media/catalog/product/5/5/5529234_02.jpg?optimize=high&fit=bounds&height=90&width=90&canvas=90:90",6,,,,,
"5529234",,,,,,,,,,,,,,"https://cdn.premierhousewares.com/media/catalog/product/5/5/5529234_03.jpg?optimize=high&fit=bounds&height=90&width=90&canvas=90:90",7,,,,,
"5529234",,,,,,,,,,,,,,"https://cdn.premierhousewares.com/media/catalog/product/5/5/5529234_mac_01.jpg?optimize=high&fit=bounds&height=90&width=90&canvas=90:90",8,,,,,
"5529234",,,,,,,,,,,,,,"https://cdn.premierhousewares.com/media/catalog/product/5/5/5529234_mac_02.jpg?optimize=high&fit=bounds&height=90&width=90&canvas=90:90",9,,,,,
"5529234",,,,,,,,,,,,,,"https://cdn.premierhousewares.com/media/catalog/product/5/5/5529234_mac_03.jpg?optimize=high&fit=bounds&height=90&width=90&canvas=90:90",10,,,,,
"5529234",,,,,,,,,,,,,,"https://cdn.premierhousewares.com/media/catalog/product/5/5/5529234.jpg?optimize=high&fit=bounds&height=&width=&canvas=:",11,,,,,
"2406553","Sherman White Wood Side Cabinet","The Sherman side cabinet offers both sophistication and a rustic charm with its white wood and natural rattan build. This side cabinet is crafted from wood with a white paint finish. It features two closed shelves with natural rattan panels on their doors that bring a warm and earthy aesthetic. It comes with an undershelf that offers additional storage space.","",,"","Abstract","TRUE",,,,,,,"https://cdn.premierhousewares.com/media/catalog/product/2/4/2406553_1.jpg?optimize=high&fit=bounds&height=700&width=700&canvas=700:700",,,,,,"active"
"2406553",,,,,,,,,,,,,,"https://cdn.premierhousewares.com/media/catalog/product/2/4/2406553_mac_03_1.jpg?optimize=high&fit=bounds&height=700&width=700&canvas=700:700",2,,,,,
"2406553",,,,,,,,,,,,,,"https://cdn.premierhousewares.com/media/catalog/product/2/4/2406553_01_1.jpg?optimize=high&fit=bounds&height=700&width=700&canvas=700:700",3,,,,,
"2406553",,,,,,,,,,,,,,"https://cdn.premierhousewares.com/media/catalog/product/2/4/2406553_1.jpg?optimize=high&fit=bounds&height=90&width=90&canvas=90:90",4,,,,,
"2406553",,,,,,,,,,,,,,"https://cdn.premierhousewares.com/media/catalog/product/2/4/2406553_01_1.jpg?optimize=high&fit=bounds&height=90&width=90&canvas=90:90",5,,,,,
"2406553",,,,,,,,,,,,,,"https://cdn.premierhousewares.com/media/catalog/product/2/4/2406553_02_1.jpg?optimize=high&fit=bounds&height=90&width=90&canvas=90:90",6,,,,,
"2406553",,,,,,,,,,,,,,"https://cdn.premierhousewares.com/media/catalog/product/2/4/2406553_ils_01.jpg?optimize=high&fit=bounds&height=90&width=90&canvas=90:90",7,,,,,
"2406553",,,,,,,,,,,,,,"https://cdn.premierhousewares.com/media/catalog/product/2/4/2406553_ils_02.jpg?optimize=high&fit=bounds&height=90&width=90&canvas=90:90",8,,,,,
"2406553",,,,,,,,,,,,,,"https://cdn.premierhousewares.com/media/catalog/product/2/4/2406553_03_1.jpg?optimize=high&fit=bounds&height=90&width=90&canvas=90:90",9,,,,,
"2406553",,,,,,,,,,,,,,"https://cdn.premierhousewares.com/media/catalog/product/2/4/2406553_04_1.jpg?optimize=high&fit=bounds&height=90&width=90&canvas=90:90",10,,,,,
"2406553",,,,,,,,,,,,,,"https://cdn.premierhousewares.com/media/catalog/product/2/4/2406553_mac_01_1.jpg?optimize=high&fit=bounds&height=90&width=90&canvas=90:90",11,,,,,
"2406553",,,,,,,,,,,,,,"https://cdn.premierhousewares.com/media/catalog/product/2/4/2406553_mac_02_1.jpg?optimize=high&fit=bounds&height=90&width=90&canvas=90:90",12,,,,,
"2406553",,,,,,,,,,,,,,"https://cdn.premierhousewares.com/media/catalog/product/2/4/2406553_mac_03_1.jpg?optimize=high&fit=bounds&height=90&width=90&canvas=90:90",13,,,,,
"2406553",,,,,,,,,,,,,,"https://cdn.premierhousewares.com/media/catalog/product/2/4/2406553_1.jpg?optimize=high&fit=bounds&height=&width=&canvas=:",14,,,,,
"5527879","Corso One Drawer Bedside Table","Suited for nordic decors, the Corso one drawer bedside will make an elegant statement with the low profile design and minimalism. Made from rattan and wood , this black finish bedside table has clean lines creating a sophisticated aesthetic. The is feathured with a woven rattan drawer and a storage shelf.","",,"","Abstract","TRUE",,,,,,,"https://cdn.premierhousewares.com/media/catalog/product/5/5/5527879.jpg?optimize=high&fit=bounds&height=700&width=700&canvas=700:700",,,,,,"active"
"5527879",,,,,,,,,,,,,,"https://cdn.premierhousewares.com/media/catalog/product/5/5/5527879_mac_02.jpg?optimize=high&fit=bounds&height=700&width=700&canvas=700:700",2,,,,,
"5527879",,,,,,,,,,,,,,"https://cdn.premierhousewares.com/media/catalog/product/5/5/5527879_01.jpg?optimize=high&fit=bounds&height=700&width=700&canvas=700:700",3,,,,,
"5527879",,,,,,,,,,,,,,"https://cdn.premierhousewares.com/media/catalog/product/5/5/5527879.jpg?optimize=high&fit=bounds&height=90&width=90&canvas=90:90",4,,,,,
"5527879",,,,,,,,,,,,,,"https://cdn.premierhousewares.com/media/catalog/product/5/5/5527879_01.jpg?optimize=high&fit=bounds&height=90&width=90&canvas=90:90",5,,,,,
"5527879",,,,,,,,,,,,,,"https://cdn.premierhousewares.com/media/catalog/product/5/5/5527879_02.jpg?optimize=high&fit=bounds&height=90&width=90&canvas=90:90",6,,,,,
"5527879",,,,,,,,,,,,,,"https://cdn.premierhousewares.com/media/catalog/product/5/5/5527879_03.jpg?optimize=high&fit=bounds&height=90&width=90&canvas=90:90",7,,,,,
"5527879",,,,,,,,,,,,,,"https://cdn.premierhousewares.com/media/catalog/product/5/5/5527879_04.jpg?optimize=high&fit=bounds&height=90&width=90&canvas=90:90",8,,,,,
"5527879",,,,,,,,,,,,,,"https://cdn.premierhousewares.com/media/catalog/product/5/5/5527879_05.jpg?optimize=high&fit=bounds&height=90&width=90&canvas=90:90",9,,,,,
"5527879",,,,,,,,,,,,,,"https://cdn.premierhousewares.com/media/catalog/product/5/5/5527879_mac_01.jpg?optimize=high&fit=bounds&height=90&width=90&canvas=90:90",10,,,,,
"5527879",,,,,,,,,,,,,,"https://cdn.premierhousewares.com/media/catalog/product/5/5/5527879_mac_02.jpg?optimize=high&fit=bounds&height=90&width=90&canvas=90:90",11,,,,,
"5527879",,,,,,,,,,,,,,"https://cdn.premierhousewares.com/media/catalog/product/5/5/5527879.jpg?optimize=high&fit=bounds&height=&width=&canvas=:",12,,,,,
"2406748","Depok Coffee Table With Hairpin Legs","This coffee table has a natural rattan storage shelf with black metal top and hairpin legs that will add style to your decor. This modern coffee table has a round black metal top supported with sleek hairpin legs which give it a an airy feel, a woven natural rattan shelf at the bottom, adds organic and textural element to the overall design.","",,"","Abstract","TRUE",,,,,,,"https://cdn.premierhousewares.com/media/catalog/product/2/4/2406748.jpg?optimize=high&fit=bounds&height=700&width=700&canvas=700:700",,,,,,"active"
"2406748",,,,,,,,,,,,,,"https://cdn.premierhousewares.com/media/catalog/product/2/4/2406748_ils_02_1.jpg?optimize=high&fit=bounds&height=700&width=700&canvas=700:700",2,,,,,
"2406748",,,,,,,,,,,,,,"https://cdn.premierhousewares.com/media/catalog/product/2/4/2406748_01.jpg?optimize=high&fit=bounds&height=700&width=700&canvas=700:700",3,,,,,
"2406748",,,,,,,,,,,,,,"https://cdn.premierhousewares.com/media/catalog/product/2/4/2406748.jpg?optimize=high&fit=bounds&height=90&width=90&canvas=90:90",4,,,,,
"2406748",,,,,,,,,,,,,,"https://cdn.premierhousewares.com/media/catalog/product/2/4/2406748_01.jpg?optimize=high&fit=bounds&height=90&width=90&canvas=90:90",5,,,,,
"2406748",,,,,,,,,,,,,,"https://cdn.premierhousewares.com/media/catalog/product/2/4/2406748_mac_01.jpg?optimize=high&fit=bounds&height=90&width=90&canvas=90:90",6,,,,,
"2406748",,,,,,,,,,,,,,"https://cdn.premierhousewares.com/media/catalog/product/2/4/2406748_mac_02.jpg?optimize=high&fit=bounds&height=90&width=90&canvas=90:90",7,,,,,
"2406748",,,,,,,,,,,,,,"https://cdn.premierhousewares.com/media/catalog/product/2/4/2406748_mac_03.jpg?optimize=high&fit=bounds&height=90&width=90&canvas=90:90",8,,,,,
"2406748",,,,,,,,,,,,,,"https://cdn.premierhousewares.com/media/catalog/product/2/4/2406748_mac_04.jpg?optimize=high&fit=bounds&height=90&width=90&canvas=90:90",9,,,,,
"2406748",,,,,,,,,,,,,,"https://cdn.premierhousewares.com/media/catalog/product/2/4/2406748_ils_01_1.jpg?optimize=high&fit=bounds&height=90&width=90&canvas=90:90",10,,,,,
"2406748",,,,,,,,,,,,,,"https://cdn.premierhousewares.com/media/catalog/product/2/4/2406748_ils_02_1.jpg?optimize=high&fit=bounds&height=90&width=90&canvas=90:90",11,,,,,
"2406748",,,,,,,,,,,,,,"https://cdn.premierhousewares.com/media/catalog/product/2/4/2406748.jpg?optimize=high&fit=bounds&height=&width=&canvas=:",12,,,,,
"2406750","Depok Nest Of Two Tables","This set of two black metal and natural rattan tables is differently sized to fit in smaller living spaces compactly. These two nesting tables are made from black metal which provides a sturdy and durable framework, and have a top surface made of both natural rattan and metal. The smaller table seamlessly fits underneath the large one to save space when not in use and will add style to your decor.","",,"","Abstract","TRUE",,,,,,,"https://cdn.premierhousewares.com/media/catalog/product/2/4/2406750.jpg?optimize=high&fit=bounds&height=700&width=700&canvas=700:700",,,,,,"active"
"2406750",,,,,,,,,,,,,,"https://cdn.premierhousewares.com/media/catalog/product/2/4/2406750_ils_02.jpg?optimize=high&fit=bounds&height=700&width=700&canvas=700:700",2,,,,,
"2406750",,,,,,,,,,,,,,"https://cdn.premierhousewares.com/media/catalog/product/2/4/2406750_01.jpg?optimize=high&fit=bounds&height=700&width=700&canvas=700:700",3,,,,,
"2406750",,,,,,,,,,,,,,"https://cdn.premierhousewares.com/media/catalog/product/2/4/2406750.jpg?optimize=high&fit=bounds&height=90&width=90&canvas=90:90",4,,,,,
"2406750",,,,,,,,,,,,,,"https://cdn.premierhousewares.com/media/catalog/product/2/4/2406750_01.jpg?optimize=high&fit=bounds&height=90&width=90&canvas=90:90",5,,,,,
"2406750",,,,,,,,,,,,,,"https://cdn.premierhousewares.com/media/catalog/product/2/4/2406750_02.jpg?optimize=high&fit=bounds&height=90&width=90&canvas=90:90",6,,,,,
"2406750",,,,,,,,,,,,,,"https://cdn.premierhousewares.com/media/catalog/product/2/4/2406750_mac_01.jpg?optimize=high&fit=bounds&height=90&width=90&canvas=90:90",7,,,,,
"2406750",,,,,,,,,,,,,,"https://cdn.premierhousewares.com/media/catalog/product/2/4/2406750_mac_02.jpg?optimize=high&fit=bounds&height=90&width=90&canvas=90:90",8,,,,,
"2406750",,,,,,,,,,,,,,"https://cdn.premierhousewares.com/media/catalog/product/2/4/2406750_mac_03.jpg?optimize=high&fit=bounds&height=90&width=90&canvas=90:90",9,,,,,
"2406750",,,,,,,,,,,,,,"https://cdn.premierhousewares.com/media/catalog/product/2/4/2406750_mac_04.jpg?optimize=high&fit=bounds&height=90&width=90&canvas=90:90",10,,,,,
"2406750",,,,,,,,,,,,,,"https://cdn.premierhousewares.com/media/catalog/product/2/4/2406750_mac_05.jpg?optimize=high&fit=bounds&height=90&width=90&canvas=90:90",11,,,,,
"2406750",,,,,,,,,,,,,,"https://cdn.premierhousewares.com/media/catalog/product/2/4/2406750_ils_01.jpg?optimize=high&fit=bounds&height=90&width=90&canvas=90:90",12,,,,,
"2406750",,,,,,,,,,,,,,"https://cdn.premierhousewares.com/media/catalog/product/2/4/2406750_ils_02.jpg?optimize=high&fit=bounds&height=90&width=90&canvas=90:90",13,,,,,
"2406750",,,,,,,,,,,,,,"https://cdn.premierhousewares.com/media/catalog/product/2/4/2406750.jpg?optimize=high&fit=bounds&height=&width=&canvas=:",14,,,,,
"5527880","Corso Console Table","Suited for nordic decors, the Corso two drawer console table will make an elegant statement with the low profile design and minimalism. The black finish renewable rattan console table has clean lines creating a sophisticated aesthetic. Two storage drawers have natural criss cross pattern and matching handle which enhance warmth while the open lower shelf is ideal to display items.","",,"","Abstract","TRUE",,,,,,,"https://cdn.premierhousewares.com/media/catalog/product/5/5/5527880.jpg?optimize=high&fit=bounds&height=700&width=700&canvas=700:700",,,,,,"active"
"5527880",,,,,,,,,,,,,,"https://cdn.premierhousewares.com/media/catalog/product/5/5/5527880_mac_04.jpg?optimize=high&fit=bounds&height=700&width=700&canvas=700:700",2,,,,,
"5527880",,,,,,,,,,,,,,"https://cdn.premierhousewares.com/media/catalog/product/5/5/5527880_01.jpg?optimize=high&fit=bounds&height=700&width=700&canvas=700:700",3,,,,,
"5527880",,,,,,,,,,,,,,"https://cdn.premierhousewares.com/media/catalog/product/5/5/5527880.jpg?optimize=high&fit=bounds&height=90&width=90&canvas=90:90",4,,,,,
"5527880",,,,,,,,,,,,,,"https://cdn.premierhousewares.com/media/catalog/product/5/5/5527880_01.jpg?optimize=high&fit=bounds&height=90&width=90&canvas=90:90",5,,,,,
"5527880",,,,,,,,,,,,,,"https://cdn.premierhousewares.com/media/catalog/product/5/5/5527880_02.jpg?optimize=high&fit=bounds&height=90&width=90&canvas=90:90",6,,,,,
"5527880",,,,,,,,,,,,,,"https://cdn.premierhousewares.com/media/catalog/product/5/5/5527880_03.jpg?optimize=high&fit=bounds&height=90&width=90&canvas=90:90",7,,,,,
"5527880",,,,,,,,,,,,,,"https://cdn.premierhousewares.com/media/catalog/product/5/5/5527880_04.jpg?optimize=high&fit=bounds&height=90&width=90&canvas=90:90",8,,,,,
"5527880",,,,,,,,,,,,,,"https://cdn.premierhousewares.com/media/catalog/product/5/5/5527880_05.jpg?optimize=high&fit=bounds&height=90&width=90&canvas=90:90",9,,,,,
"5527880",,,,,,,,,,,,,,"https://cdn.premierhousewares.com/media/catalog/product/5/5/5527880_mac_01.jpg?optimize=high&fit=bounds&height=90&width=90&canvas=90:90",10,,,,,
"5527880",,,,,,,,,,,,,,"https://cdn.premierhousewares.com/media/catalog/product/5/5/5527880_mac_02.jpg?optimize=high&fit=bounds&height=90&width=90&canvas=90:90",11,,,,,
"5527880",,,,,,,,,,,,,,"https://cdn.premierhousewares.com/media/catalog/product/5/5/5527880_mac_03.jpg?optimize=high&fit=bounds&height=90&width=90&canvas=90:90",12,,,,,
"5527880",,,,,,,,,,,,,,"https://cdn.premierhousewares.com/media/catalog/product/5/5/5527880_mac_04.jpg?optimize=high&fit=bounds&height=90&width=90&canvas=90:90",13,,,,,
"5527880",,,,,,,,,,,,,,"https://cdn.premierhousewares.com/media/catalog/product/5/5/5527880.jpg?optimize=high&fit=bounds&height=&width=&canvas=:",14,,,,,
"5529083","Brando Sideboard.","This sideboard with a mix patterned acacia wood and warm metallic accents, is sure to transform overall aesthetic in a contemporary setting. This sideboard offers ample warmth with acacia veneer finish frame featuring a herringbone pattern in light and dark brown tones. Offering ample storage, the drawers and shelves are complemented with antique brass finish handles that coordinate with sleek legs enhancing luxe sophistication.","",,"","Abstract","TRUE",,,,,,,"https://cdn.premierhousewares.com/media/catalog/product/5/5/5529083.jpg?optimize=high&fit=bounds&height=700&width=700&canvas=700:700",,,,,,"active"
"5529083",,,,,,,,,,,,,,"https://cdn.premierhousewares.com/media/catalog/product/5/5/5529083_liv_04.jpg?optimize=high&fit=bounds&height=700&width=700&canvas=700:700",2,,,,,
"5529083",,,,,,,,,,,,,,"https://cdn.premierhousewares.com/media/catalog/product/5/5/5529083_01.jpg?optimize=high&fit=bounds&height=700&width=700&canvas=700:700",3,,,,,
"5529083",,,,,,,,,,,,,,"https://cdn.premierhousewares.com/media/catalog/product/5/5/5529083.jpg?optimize=high&fit=bounds&height=90&width=90&canvas=90:90",4,,,,,
"5529083",,,,,,,,,,,,,,"https://cdn.premierhousewares.com/media/catalog/product/5/5/5529083_01.jpg?optimize=high&fit=bounds&height=90&width=90&canvas=90:90",5,,,,,
"5529083",,,,,,,,,,,,,,"https://cdn.premierhousewares.com/media/catalog/product/5/5/5529083_02.jpg?optimize=high&fit=bounds&height=90&width=90&canvas=90:90",6,,,,,
"5529083",,,,,,,,,,,,,,"https://cdn.premierhousewares.com/media/catalog/product/5/5/5529083_04.jpg?optimize=high&fit=bounds&height=90&width=90&canvas=90:90",7,,,,,
"5529083",,,,,,,,,,,,,,"https://cdn.premierhousewares.com/media/catalog/product/5/5/5529083_liv_07.jpg?optimize=high&fit=bounds&height=90&width=90&canvas=90:90",8,,,,,
"5529083",,,,,,,,,,,,,,"https://cdn.premierhousewares.com/media/catalog/product/5/5/5529083_liv_08.jpg?optimize=high&fit=bounds&height=90&width=90&canvas=90:90",9,,,,,
"5529083",,,,,,,,,,,,,,"https://cdn.premierhousewares.com/media/catalog/product/5/5/5529083_liv_05.jpg?optimize=high&fit=bounds&height=90&width=90&canvas=90:90",10,,,,,
"5529083",,,,,,,,,,,,,,"https://cdn.premierhousewares.com/media/catalog/product/5/5/5529083_liv_09.jpg?optimize=high&fit=bounds&height=90&width=90&canvas=90:90",11,,,,,
"5529083",,,,,,,,,,,,,,"https://cdn.premierhousewares.com/media/catalog/product/5/5/5529083_liv_06.jpg?optimize=high&fit=bounds&height=90&width=90&canvas=90:90",12,,,,,
"5529083",,,,,,,,,,,,,,"https://cdn.premierhousewares.com/media/catalog/product/5/5/5529083_liv_10.jpg?optimize=high&fit=bounds&height=90&width=90&canvas=90:90",13,,,,,
"5529083",,,,,,,,,,,,,,"https://cdn.premierhousewares.com/media/catalog/product/5/5/5529083_05.jpg?optimize=high&fit=bounds&height=90&width=90&canvas=90:90",14,,,,,
"5529083",,,,,,,,,,,,,,"https://cdn.premierhousewares.com/media/catalog/product/5/5/5529083_mac_01.jpg?optimize=high&fit=bounds&height=90&width=90&canvas=90:90",15,,,,,
"5529083",,,,,,,,,,,,,,"https://cdn.premierhousewares.com/media/catalog/product/5/5/5529083_mac_02.jpg?optimize=high&fit=bounds&height=90&width=90&canvas=90:90",16,,,,,
"5529083",,,,,,,,,,,,,,"https://cdn.premierhousewares.com/media/catalog/product/5/5/5529083_mac_03.jpg?optimize=high&fit=bounds&height=90&width=90&canvas=90:90",17,,,,,
"5529083",,,,,,,,,,,,,,"https://cdn.premierhousewares.com/media/catalog/product/5/5/5529083_mac_05.jpg?optimize=high&fit=bounds&height=90&width=90&canvas=90:90",18,,,,,
"5529083",,,,,,,,,,,,,,"https://cdn.premierhousewares.com/media/catalog/product/5/5/5529083_mac_07.jpg?optimize=high&fit=bounds&height=90&width=90&canvas=90:90",19,,,,,
"5529083",,,,,,,,,,,,,,"https://cdn.premierhousewares.com/media/catalog/product/5/5/5529083_mac_08.jpg?optimize=high&fit=bounds&height=90&width=90&canvas=90:90",20,,,,,
"5529083",,,,,,,,,,,,,,"https://cdn.premierhousewares.com/media/catalog/product/5/5/5529083_mac_09.jpg?optimize=high&fit=bounds&height=90&width=90&canvas=90:90",21,,,,,
"5529083",,,,,,,,,,,,,,"https://cdn.premierhousewares.com/media/catalog/product/5/5/5529083_liv_01.jpg?optimize=high&fit=bounds&height=90&width=90&canvas=90:90",22,,,,,
"5529083",,,,,,,,,,,,,,"https://cdn.premierhousewares.com/media/catalog/product/5/5/5529083_liv_02.jpg?optimize=high&fit=bounds&height=90&width=90&canvas=90:90",23,,,,,
"5529083",,,,,,,,,,,,,,"https://cdn.premierhousewares.com/media/catalog/product/5/5/5529083_liv_03.jpg?optimize=high&fit=bounds&height=90&width=90&canvas=90:90",24,,,,,
"5529083",,,,,,,,,,,,,,"https://cdn.premierhousewares.com/media/catalog/product/5/5/5529083_liv_04.jpg?optimize=high&fit=bounds&height=90&width=90&canvas=90:90",25,,,,,
"5529083",,,,,,,,,,,,,,"https://cdn.premierhousewares.com/media/catalog/product/5/5/5529083.jpg?optimize=high&fit=bounds&height=&width=&canvas=:",26,,,,,
"5528069","Jakara Natural Finish Wooden Coffee Table","The Jakara coffee table has an abstract geometric pattern that complements the metal frame. This coffee table has a natural finish carved wood effect creating an abstract geometric pattern. Sleek metal legs have black colour that'll contribute to the modern minimalism of the design.","",,"","Abstract","TRUE",,,,,,,"https://cdn.premierhousewares.com/media/catalog/product/5/5/5528069_-_web_size.jpg?optimize=high&fit=bounds&height=700&width=700&canvas=700:700",,,,,,"active"
"5528069",,,,,,,,,,,,,,"https://cdn.premierhousewares.com/media/catalog/product/5/5/5528069_mac_04_-_web_size.jpg?optimize=high&fit=bounds&height=700&width=700&canvas=700:700",2,,,,,
"5528069",,,,,,,,,,,,,,"https://cdn.premierhousewares.com/media/catalog/product/5/5/5528069_01_-_web_size.jpg?optimize=high&fit=bounds&height=700&width=700&canvas=700:700",3,,,,,
"5528069",,,,,,,,,,,,,,"https://cdn.premierhousewares.com/media/catalog/product/5/5/5528069_-_web_size.jpg?optimize=high&fit=bounds&height=90&width=90&canvas=90:90",4,,,,,
"5528069",,,,,,,,,,,,,,"https://cdn.premierhousewares.com/media/catalog/product/5/5/5528069_01_-_web_size.jpg?optimize=high&fit=bounds&height=90&width=90&canvas=90:90",5,,,,,
"5528069",,,,,,,,,,,,,,"https://cdn.premierhousewares.com/media/catalog/product/5/5/5528069_02_-_web_size.jpg?optimize=high&fit=bounds&height=90&width=90&canvas=90:90",6,,,,,
"5528069",,,,,,,,,,,,,,"https://cdn.premierhousewares.com/media/catalog/product/5/5/5528069_03_-_web_size.jpg?optimize=high&fit=bounds&height=90&width=90&canvas=90:90",7,,,,,
"5528069",,,,,,,,,,,,,,"https://cdn.premierhousewares.com/media/catalog/product/5/5/5528069_04_-_web_size.jpg?optimize=high&fit=bounds&height=90&width=90&canvas=90:90",8,,,,,
"5528069",,,,,,,,,,,,,,"https://cdn.premierhousewares.com/media/catalog/product/5/5/5528069_liv_04.jpg?optimize=high&fit=bounds&height=90&width=90&canvas=90:90",9,,,,,
"5528069",,,,,,,,,,,,,,"https://cdn.premierhousewares.com/media/catalog/product/5/5/5528069_liv_02_-_web_size.jpg?optimize=high&fit=bounds&height=90&width=90&canvas=90:90",10,,,,,
"5528069",,,,,,,,,,,,,,"https://cdn.premierhousewares.com/media/catalog/product/5/5/5528069_liv_05.jpg?optimize=high&fit=bounds&height=90&width=90&canvas=90:90",11,,,,,
"5528069",,,,,,,,,,,,,,"https://cdn.premierhousewares.com/media/catalog/product/5/5/5528069_liv_07.jpg?optimize=high&fit=bounds&height=90&width=90&canvas=90:90",12,,,,,
"5528069",,,,,,,,,,,,,,"https://cdn.premierhousewares.com/media/catalog/product/5/5/5528069_liv_06.jpg?optimize=high&fit=bounds&height=90&width=90&canvas=90:90",13,,,,,
"5528069",,,,,,,,,,,,,,"https://cdn.premierhousewares.com/media/catalog/product/5/5/5528069_liv_03_-_web_size.jpg?optimize=high&fit=bounds&height=90&width=90&canvas=90:90",14,,,,,
"5528069",,,,,,,,,,,,,,"https://cdn.premierhousewares.com/media/catalog/product/5/5/5528069_mac_01_-_web_size.jpg?optimize=high&fit=bounds&height=90&width=90&canvas=90:90",15,,,,,
"5528069",,,,,,,,,,,,,,"https://cdn.premierhousewares.com/media/catalog/product/5/5/5528069_mac_02_-_web_size.jpg?optimize=high&fit=bounds&height=90&width=90&canvas=90:90",16,,,,,
"5528069",,,,,,,,,,,,,,"https://cdn.premierhousewares.com/media/catalog/product/5/5/5528069_mac_03_-_web_size.jpg?optimize=high&fit=bounds&height=90&width=90&canvas=90:90",17,,,,,
"5528069",,,,,,,,,,,,,,"https://cdn.premierhousewares.com/media/catalog/product/5/5/5528069_mac_04_-_web_size.jpg?optimize=high&fit=bounds&height=90&width=90&canvas=90:90",18,,,,,
"5528069",,,,,,,,,,,,,,"https://cdn.premierhousewares.com/media/catalog/product/5/5/5528069_-_web_size.jpg?optimize=high&fit=bounds&height=&width=&canvas=:",19,,,,,
"5527572","Gabelle Rectangle Coffee Table","The ebony finish is applied to the clean sides of this rectangular bamboo coffee table with a contrasting gold tone base, to make a statement. This bamboo coffee table has a rectangular profile with a minimalist look. The clean frame in a dark ebony finish contrasts the tabletop in a carved sunburst pattern. The gold finish base lifts the luxe aesthetic of the otherwise understated design.","",,"","Abstract","TRUE",,,,,,,"https://cdn.premierhousewares.com/media/catalog/product/5/5/5527572.jpg?optimize=high&fit=bounds&height=700&width=700&canvas=700:700",,,,,,"active"
"5527572",,,,,,,,,,,,,,"https://cdn.premierhousewares.com/media/catalog/product/5/5/5527572_mac_04.jpg?optimize=high&fit=bounds&height=700&width=700&canvas=700:700",2,,,,,
"5527572",,,,,,,,,,,,,,"https://cdn.premierhousewares.com/media/catalog/product/5/5/5527572_01.jpg?optimize=high&fit=bounds&height=700&width=700&canvas=700:700",3,,,,,
"5527572",,,,,,,,,,,,,,"https://cdn.premierhousewares.com/media/catalog/product/5/5/5527572.jpg?optimize=high&fit=bounds&height=90&width=90&canvas=90:90",4,,,,,
"5527572",,,,,,,,,,,,,,"https://cdn.premierhousewares.com/media/catalog/product/5/5/5527572_01.jpg?optimize=high&fit=bounds&height=90&width=90&canvas=90:90",5,,,,,
"5527572",,,,,,,,,,,,,,"https://cdn.premierhousewares.com/media/catalog/product/5/5/5527572_02.jpg?optimize=high&fit=bounds&height=90&width=90&canvas=90:90",6,,,,,
"5527572",,,,,,,,,,,,,,"https://cdn.premierhousewares.com/media/catalog/product/5/5/5527572_liv_01.jpg?optimize=high&fit=bounds&height=90&width=90&canvas=90:90",7,,,,,
"5527572",,,,,,,,,,,,,,"https://cdn.premierhousewares.com/media/catalog/product/5/5/5527572_mac_01.jpg?optimize=high&fit=bounds&height=90&width=90&canvas=90:90",8,,,,,
"5527572",,,,,,,,,,,,,,"https://cdn.premierhousewares.com/media/catalog/product/5/5/5527572_liv_02.jpg?optimize=high&fit=bounds&height=90&width=90&canvas=90:90",9,,,,,
"5527572",,,,,,,,,,,,,,"https://cdn.premierhousewares.com/media/catalog/product/5/5/5527572_liv_03.jpg?optimize=high&fit=bounds&height=90&width=90&canvas=90:90",10,,,,,
"5527572",,,,,,,,,,,,,,"https://cdn.premierhousewares.com/media/catalog/product/5/5/5527572_liv_04.jpg?optimize=high&fit=bounds&height=90&width=90&canvas=90:90",11,,,,,
"5527572",,,,,,,,,,,,,,"https://cdn.premierhousewares.com/media/catalog/product/5/5/5527572_mac_02.jpg?optimize=high&fit=bounds&height=90&width=90&canvas=90:90",12,,,,,
"5527572",,,,,,,,,,,,,,"https://cdn.premierhousewares.com/media/catalog/product/5/5/5527572_mac_03.jpg?optimize=high&fit=bounds&height=90&width=90&canvas=90:90",13,,,,,
"5527572",,,,,,,,,,,,,,"https://cdn.premierhousewares.com/media/catalog/product/5/5/5527572_mac_04.jpg?optimize=high&fit=bounds&height=90&width=90&canvas=90:90",14,,,,,
"5527572",,,,,,,,,,,,,,"https://cdn.premierhousewares.com/media/catalog/product/5/5/5527572.jpg?optimize=high&fit=bounds&height=&width=&canvas=:",15,,,,,
"5528071","Jakara Natural Finish Wooden Media Unit","This Jakara media unit is a rustic accent piece with black metal legs. This wooden unit in natural finish has carved wood effect that makes a statement of abstract design. With the sleek metal legs in black colour, this unit complements the modern art.","",,"","Abstract","TRUE",,,,,,,"https://cdn.premierhousewares.com/media/catalog/product/5/5/5528071.jpg?optimize=high&fit=bounds&height=700&width=700&canvas=700:700",,,,,,"active"
"5528071",,,,,,,,,,,,,,"https://cdn.premierhousewares.com/media/catalog/product/5/5/5528071_mac_05.jpg?optimize=high&fit=bounds&height=700&width=700&canvas=700:700",2,,,,,
"5528071",,,,,,,,,,,,,,"https://cdn.premierhousewares.com/media/catalog/product/5/5/5528071_01.jpg?optimize=high&fit=bounds&height=700&width=700&canvas=700:700",3,,,,,
"5528071",,,,,,,,,,,,,,"https://cdn.premierhousewares.com/media/catalog/product/5/5/5528071.jpg?optimize=high&fit=bounds&height=90&width=90&canvas=90:90",4,,,,,
"5528071",,,,,,,,,,,,,,"https://cdn.premierhousewares.com/media/catalog/product/5/5/5528071_01.jpg?optimize=high&fit=bounds&height=90&width=90&canvas=90:90",5,,,,,
"5528071",,,,,,,,,,,,,,"https://cdn.premierhousewares.com/media/catalog/product/5/5/5528071_02.jpg?optimize=high&fit=bounds&height=90&width=90&canvas=90:90",6,,,,,
"5528071",,,,,,,,,,,,,,"https://cdn.premierhousewares.com/media/catalog/product/5/5/5528071_03.jpg?optimize=high&fit=bounds&height=90&width=90&canvas=90:90",7,,,,,
"5528071",,,,,,,,,,,,,,"https://cdn.premierhousewares.com/media/catalog/product/5/5/5528071_04.jpg?optimize=high&fit=bounds&height=90&width=90&canvas=90:90",8,,,,,
"5528071",,,,,,,,,,,,,,"https://cdn.premierhousewares.com/media/catalog/product/5/5/5528071_mac.jpg?optimize=high&fit=bounds&height=90&width=90&canvas=90:90",9,,,,,
"5528071",,,,,,,,,,,,,,"https://cdn.premierhousewares.com/media/catalog/product/5/5/5528071_mac_01.jpg?optimize=high&fit=bounds&height=90&width=90&canvas=90:90",10,,,,,
"5528071",,,,,,,,,,,,,,"https://cdn.premierhousewares.com/media/catalog/product/5/5/5528071_mac_02.jpg?optimize=high&fit=bounds&height=90&width=90&canvas=90:90",11,,,,,
"5528071",,,,,,,,,,,,,,"https://cdn.premierhousewares.com/media/catalog/product/5/5/5528071_mac_03.jpg?optimize=high&fit=bounds&height=90&width=90&canvas=90:90",12,,,,,
"5528071",,,,,,,,,,,,,,"https://cdn.premierhousewares.com/media/catalog/product/5/5/5528071_mac_04.jpg?optimize=high&fit=bounds&height=90&width=90&canvas=90:90",13,,,,,
"5528071",,,,,,,,,,,,,,"https://cdn.premierhousewares.com/media/catalog/product/5/5/5528071_mac_05.jpg?optimize=high&fit=bounds&height=90&width=90&canvas=90:90",14,,,,,
"5528071",,,,,,,,,,,,,,"https://cdn.premierhousewares.com/media/catalog/product/5/5/5528071.jpg?optimize=high&fit=bounds&height=&width=&canvas=:",15,,,,,
"5527885","Corso Coffee Table","This coffee table will introduce traditional charm and organic simplicity with carved frame and eco-friendly rattan. This coffee table features a black finish rectangular frame with four turned legs that are elegantly carved to create a spindle design. A clear glass piece is encased in the top section complete with a lower shelf that is formed from natural rattan in an","",,"","Abstract","TRUE",,,,,,,"https://cdn.premierhousewares.com/media/catalog/product/5/5/5527885.jpg?optimize=high&fit=bounds&height=700&width=700&canvas=700:700",,,,,,"active"
"5527885",,,,,,,,,,,,,,"https://cdn.premierhousewares.com/media/catalog/product/5/5/5527885_mac_03.jpg?optimize=high&fit=bounds&height=700&width=700&canvas=700:700",2,,,,,
"5527885",,,,,,,,,,,,,,"https://cdn.premierhousewares.com/media/catalog/product/5/5/5527885_02.jpg?optimize=high&fit=bounds&height=700&width=700&canvas=700:700",3,,,,,
"5527885",,,,,,,,,,,,,,"https://cdn.premierhousewares.com/media/catalog/product/5/5/5527885.jpg?optimize=high&fit=bounds&height=90&width=90&canvas=90:90",4,,,,,
"5527885",,,,,,,,,,,,,,"https://cdn.premierhousewares.com/media/catalog/product/5/5/5527885_02.jpg?optimize=high&fit=bounds&height=90&width=90&canvas=90:90",5,,,,,
"5527885",,,,,,,,,,,,,,"https://cdn.premierhousewares.com/media/catalog/product/5/5/5527885_mac_01.jpg?optimize=high&fit=bounds&height=90&width=90&canvas=90:90",6,,,,,
"5527885",,,,,,,,,,,,,,"https://cdn.premierhousewares.com/media/catalog/product/5/5/5527885_mac_02.jpg?optimize=high&fit=bounds&height=90&width=90&canvas=90:90",7,,,,,
"5527885",,,,,,,,,,,,,,"https://cdn.premierhousewares.com/media/catalog/product/5/5/5527885_mac_03.jpg?optimize=high&fit=bounds&height=90&width=90&canvas=90:90",8,,,,,
"5527885",,,,,,,,,,,,,,"https://cdn.premierhousewares.com/media/catalog/product/5/5/5527885.jpg?optimize=high&fit=bounds&height=&width=&canvas=:",9,,,,,
"5509138","Ramus Black And White Ombre Side Table","The Ramus ombre side table in black and white elevates decor with a contemporary touch through its pedestal base and circular top. This side table features a minimalist aesthetic with a circular top on a pedestal base. The smooth colour transition on the top gives it an elegant look suitable for decoration. The iron build ensures longevity by providing stability and durability.","",,"","Abstract","TRUE",,,,,,,"https://cdn.premierhousewares.com/media/catalog/product/5/5/5509138.jpg?optimize=high&fit=bounds&height=700&width=700&canvas=700:700",,,,,,"active"
"5509138",,,,,,,,,,,,,,"https://cdn.premierhousewares.com/media/catalog/product/5/5/5509138_nos_01.jpg?optimize=high&fit=bounds&height=700&width=700&canvas=700:700",2,,,,,
"5509138",,,,,,,,,,,,,,"https://cdn.premierhousewares.com/media/catalog/product/5/5/5509138_01.jpg?optimize=high&fit=bounds&height=700&width=700&canvas=700:700",3,,,,,
"5509138",,,,,,,,,,,,,,"https://cdn.premierhousewares.com/media/catalog/product/5/5/5509138.jpg?optimize=high&fit=bounds&height=90&width=90&canvas=90:90",4,,,,,
"5509138",,,,,,,,,,,,,,"https://cdn.premierhousewares.com/media/catalog/product/5/5/5509138_01.jpg?optimize=high&fit=bounds&height=90&width=90&canvas=90:90",5,,,,,
"5509138",,,,,,,,,,,,,,"https://cdn.premierhousewares.com/media/catalog/product/5/5/5509138_mac_01.jpg?optimize=high&fit=bounds&height=90&width=90&canvas=90:90",6,,,,,
"5509138",,,,,,,,,,,,,,"https://cdn.premierhousewares.com/media/catalog/product/5/5/5509138_mac_02.jpg?optimize=high&fit=bounds&height=90&width=90&canvas=90:90",7,,,,,
"5509138",,,,,,,,,,,,,,"https://cdn.premierhousewares.com/media/catalog/product/5/5/5509138_mac_03.jpg?optimize=high&fit=bounds&height=90&width=90&canvas=90:90",8,,,,,
"5509138",,,,,,,,,,,,,,"https://cdn.premierhousewares.com/media/catalog/product/5/5/5509138_mac_04.jpg?optimize=high&fit=bounds&height=90&width=90&canvas=90:90",9,,,,,
"5509138",,,,,,,,,,,,,,"https://cdn.premierhousewares.com/media/catalog/product/5/5/5509138_nos_01.jpg?optimize=high&fit=bounds&height=90&width=90&canvas=90:90",10,,,,,
"5509138",,,,,,,,,,,,,,"https://cdn.premierhousewares.com/media/catalog/product/5/5/5509138.jpg?optimize=high&fit=bounds&height=&width=&canvas=:",11,,,,,
"5528576","Doha Coffee Table","This coffee table has a white veined marble top and dark wood base with golden trim, giving the design a touch of sophistication and luxury. This coffee table has a striking contrast of a rounded white marble top with a dark wood base that has a golden trim. Featuring a fluted pattern, the sturdy dark wood base creates visual interest with unique design details and dimensions.","",,"","Abstract","TRUE",,,,,,,"https://cdn.premierhousewares.com/media/catalog/product/5/5/5528576_-_web_size.jpg?optimize=high&fit=bounds&height=700&width=700&canvas=700:700",,,,,,"active"
"5528576",,,,,,,,,,,,,,"https://cdn.premierhousewares.com/media/catalog/product/5/5/5528576_mac_03_-_web_size.jpg?optimize=high&fit=bounds&height=700&width=700&canvas=700:700",2,,,,,
"5528576",,,,,,,,,,,,,,"https://cdn.premierhousewares.com/media/catalog/product/5/5/5528576_01_-_web_size.jpg?optimize=high&fit=bounds&height=700&width=700&canvas=700:700",3,,,,,
"5528576",,,,,,,,,,,,,,"https://cdn.premierhousewares.com/media/catalog/product/5/5/5528576_-_web_size.jpg?optimize=high&fit=bounds&height=90&width=90&canvas=90:90",4,,,,,
"5528576",,,,,,,,,,,,,,"https://cdn.premierhousewares.com/media/catalog/product/5/5/5528576_01_-_web_size.jpg?optimize=high&fit=bounds&height=90&width=90&canvas=90:90",5,,,,,
"5528576",,,,,,,,,,,,,,"https://cdn.premierhousewares.com/media/catalog/product/5/5/5528576_02_-_web_size.jpg?optimize=high&fit=bounds&height=90&width=90&canvas=90:90",6,,,,,
"5528576",,,,,,,,,,,,,,"https://cdn.premierhousewares.com/media/catalog/product/5/5/5528576_03_-_web_size.jpg?optimize=high&fit=bounds&height=90&width=90&canvas=90:90",7,,,,,
"5528576",,,,,,,,,,,,,,"https://cdn.premierhousewares.com/media/catalog/product/5/5/5528576_liv_01_-_web_size.jpg?optimize=high&fit=bounds&height=90&width=90&canvas=90:90",8,,,,,
"5528576",,,,,,,,,,,,,,"https://cdn.premierhousewares.com/media/catalog/product/5/5/5528576_mac_01_-_web_size.jpg?optimize=high&fit=bounds&height=90&width=90&canvas=90:90",9,,,,,
"5528576",,,,,,,,,,,,,,"https://cdn.premierhousewares.com/media/catalog/product/5/5/5528576_mac_02_-_web_size.jpg?optimize=high&fit=bounds&height=90&width=90&canvas=90:90",10,,,,,
"5528576",,,,,,,,,,,,,,"https://cdn.premierhousewares.com/media/catalog/product/5/5/5528576_mac_03_-_web_size.jpg?optimize=high&fit=bounds&height=90&width=90&canvas=90:90",11,,,,,
"5528576",,,,,,,,,,,,,,"https://cdn.premierhousewares.com/media/catalog/product/5/5/5528576_-_web_size.jpg?optimize=high&fit=bounds&height=&width=&canvas=:",12,,,,,
"2406550","Sherman White Wood Console Table","The Sherman console table offers both sophistication and a rustic charm with its white wood and natural rattan build. This console table is crafted from wood with a white paint finish. The natural rattan panels on the front of the drawers give the table a warm and earthy aesthetic. The table comes with an undershelf for additional storage.","",,"","Abstract","TRUE",,,,,,,"https://cdn.premierhousewares.com/media/catalog/product/2/4/2406550_-_web_size.jpg?optimize=high&fit=bounds&height=700&width=700&canvas=700:700",,,,,,"active"
"2406550",,,,,,,,,,,,,,"https://cdn.premierhousewares.com/media/catalog/product/2/4/2406550_mac_04_-_web_size.jpg?optimize=high&fit=bounds&height=700&width=700&canvas=700:700",2,,,,,
"2406550",,,,,,,,,,,,,,"https://cdn.premierhousewares.com/media/catalog/product/2/4/2406550_01_-_web_size.jpg?optimize=high&fit=bounds&height=700&width=700&canvas=700:700",3,,,,,
"2406550",,,,,,,,,,,,,,"https://cdn.premierhousewares.com/media/catalog/product/2/4/2406550_-_web_size.jpg?optimize=high&fit=bounds&height=90&width=90&canvas=90:90",4,,,,,
"2406550",,,,,,,,,,,,,,"https://cdn.premierhousewares.com/media/catalog/product/2/4/2406550_01_-_web_size.jpg?optimize=high&fit=bounds&height=90&width=90&canvas=90:90",5,,,,,
"2406550",,,,,,,,,,,,,,"https://cdn.premierhousewares.com/media/catalog/product/2/4/2406550_02_-_web_size.jpg?optimize=high&fit=bounds&height=90&width=90&canvas=90:90",6,,,,,
"2406550",,,,,,,,,,,,,,"https://cdn.premierhousewares.com/media/catalog/product/2/4/2406550_03_-_web_size.jpg?optimize=high&fit=bounds&height=90&width=90&canvas=90:90",7,,,,,
"2406550",,,,,,,,,,,,,,"https://cdn.premierhousewares.com/media/catalog/product/2/4/2406550_ils_02.jpg?optimize=high&fit=bounds&height=90&width=90&canvas=90:90",8,,,,,
"2406550",,,,,,,,,,,,,,"https://cdn.premierhousewares.com/media/catalog/product/2/4/2406550_ils_01.jpg?optimize=high&fit=bounds&height=90&width=90&canvas=90:90",9,,,,,
"2406550",,,,,,,,,,,,,,"https://cdn.premierhousewares.com/media/catalog/product/2/4/2406550_04_-_web_size.jpg?optimize=high&fit=bounds&height=90&width=90&canvas=90:90",10,,,,,
"2406550",,,,,,,,,,,,,,"https://cdn.premierhousewares.com/media/catalog/product/2/4/2406550_mac_01_-_web_size.jpg?optimize=high&fit=bounds&height=90&width=90&canvas=90:90",11,,,,,
"2406550",,,,,,,,,,,,,,"https://cdn.premierhousewares.com/media/catalog/product/2/4/2406550_mac_02_-_web_size.jpg?optimize=high&fit=bounds&height=90&width=90&canvas=90:90",12,,,,,
"2406550",,,,,,,,,,,,,,"https://cdn.premierhousewares.com/media/catalog/product/2/4/2406550_mac_04_-_web_size.jpg?optimize=high&fit=bounds&height=90&width=90&canvas=90:90",13,,,,,
"2406550",,,,,,,,,,,,,,"https://cdn.premierhousewares.com/media/catalog/product/2/4/2406550_-_web_size.jpg?optimize=high&fit=bounds&height=&width=&canvas=:",14,,,,,
"2406749","Depok Rectangular Console Table","This black metal console table with a rattan shelf is a versatile addition that adds a touch of modern sophistication to any room. This modern console table has a rectangular metal top supported with sleek black metal frame which give it a an open, airy feel. This stylish console table add a decortive touch in any home decor.","",,"","Abstract","TRUE",,,,,,,"https://cdn.premierhousewares.com/media/catalog/product/2/4/2406749.jpg?optimize=high&fit=bounds&height=700&width=700&canvas=700:700",,,,,,"active"
"2406749",,,,,,,,,,,,,,"https://cdn.premierhousewares.com/media/catalog/product/2/4/2406749_ils_02.jpg?optimize=high&fit=bounds&height=700&width=700&canvas=700:700",2,,,,,
"2406749",,,,,,,,,,,,,,"https://cdn.premierhousewares.com/media/catalog/product/2/4/2406749_01.jpg?optimize=high&fit=bounds&height=700&width=700&canvas=700:700",3,,,,,
"2406749",,,,,,,,,,,,,,"https://cdn.premierhousewares.com/media/catalog/product/2/4/2406749.jpg?optimize=high&fit=bounds&height=90&width=90&canvas=90:90",4,,,,,
"2406749",,,,,,,,,,,,,,"https://cdn.premierhousewares.com/media/catalog/product/2/4/2406749_01.jpg?optimize=high&fit=bounds&height=90&width=90&canvas=90:90",5,,,,,
"2406749",,,,,,,,,,,,,,"https://cdn.premierhousewares.com/media/catalog/product/2/4/2406749_02.jpg?optimize=high&fit=bounds&height=90&width=90&canvas=90:90",6,,,,,
"2406749",,,,,,,,,,,,,,"https://cdn.premierhousewares.com/media/catalog/product/2/4/2406749_mac_01.jpg?optimize=high&fit=bounds&height=90&width=90&canvas=90:90",7,,,,,
"2406749",,,,,,,,,,,,,,"https://cdn.premierhousewares.com/media/catalog/product/2/4/2406749_mac_02.jpg?optimize=high&fit=bounds&height=90&width=90&canvas=90:90",8,,,,,
"2406749",,,,,,,,,,,,,,"https://cdn.premierhousewares.com/media/catalog/product/2/4/2406749_mac_03.jpg?optimize=high&fit=bounds&height=90&width=90&canvas=90:90",9,,,,,
"2406749",,,,,,,,,,,,,,"https://cdn.premierhousewares.com/media/catalog/product/2/4/2406749_ils_01.jpg?optimize=high&fit=bounds&height=90&width=90&canvas=90:90",10,,,,,
"2406749",,,,,,,,,,,,,,"https://cdn.premierhousewares.com/media/catalog/product/2/4/2406749_ils_02.jpg?optimize=high&fit=bounds&height=90&width=90&canvas=90:90",11,,,,,
"2406749",,,,,,,,,,,,,,"https://cdn.premierhousewares.com/media/catalog/product/2/4/2406749.jpg?optimize=high&fit=bounds&height=&width=&canvas=:",12,,,,,